AREA,ST,AREA_NAME,OCC_CODE,OCC_TITLE,OCC_GROUP,TOT_EMP,EMP_PRSE,JOBS_1000,LOC_Q,H_MEAN,A_MEAN,MEAN_PRSE,H_PCT10,H_PCT25,H_MEDIAN,H_PCT75,H_PCT90,A_PCT10,A_PCT25,A_MEDIAN,A_PCT75,A_PCT90,ANNUAL,HOURLY
11,DC,District of Columbia,00-0000,All Occupations,total,702380,0.6,1000,1,39.88,82950,6.1,12.02,18.7,32.63,53.28,75.6,25000,38890,67870,110820,157240,,
11,DC,District of Columbia,11-0000,Management Occupations,major,85800,1.1,122.156,2.42,67.91,141240,2.1,33.6,51.08,63.64,77.06,#,69880,106250,132370,160290,#,,
11,DC,District of Columbia,11-1011,Chief Executives,detailed,2840,8.5,4.049,2.55,101.87,211900,4.7,51.65,74.34,95.41,#,#,107420,154620,198450,#,#,,
11,DC,District of Columbia,11-1021,General and Operations Managers,detailed,26610,2.8,37.893,2.43,70.53,146710,2.7,31.18,51.01,64.95,80.83,#,64850,106110,135090,168130,#,,
11,DC,District of Columbia,11-2011,Advertising and Promotions Managers,detailed,220,18.7,0.309,1.5,53.78,111860,7.9,26.06,35.83,49.89,68.64,81.86,54210,74530,103760,142780,170260,,
11,DC,District of Columbia,11-2021,Marketing Managers,detailed,1280,6.7,1.818,1.24,76.69,159510,3.4,40.32,53.18,72.48,93.05,#,83860,110620,150760,193550,#,,
11,DC,District of Columbia,11-2022,Sales Managers,detailed,1180,12.3,1.676,0.64,62.13,129240,4.5,27.77,39.18,55.83,75.76,#,57770,81490,116130,157580,#,,
11,DC,District of Columbia,11-2031,Public Relations and Fundraising Managers,detailed,4360,7,6.201,13.61,78.16,162570,3.1,36.28,49.07,71.22,95.87,#,75460,102070,148140,199400,#,,
11,DC,District of Columbia,11-3011,Administrative Services Managers,detailed,1770,5.3,2.521,1.33,52.62,109440,3.7,29,35.73,47.66,63.05,77.08,60320,74330,99120,131140,160330,,
11,DC,District of Columbia,11-3021,Computer and Information Systems Managers,detailed,3850,4.4,5.484,2.18,76.18,158450,2.6,53.44,65.69,73.9,81.94,99.07,111150,136630,153710,170440,206070,,
11,DC,District of Columbia,11-3031,Financial Managers,detailed,7110,1.7,10.117,2.61,75.74,157530,4.7,50.2,58.18,68.06,81.37,#,104420,121010,141560,169240,#,,
11,DC,District of Columbia,11-3051,Industrial Production Managers,detailed,40,23.9,0.052,0.04,59.72,124230,13.6,28.15,33.4,55.69,70.69,#,58550,69470,115840,147030,#,,
11,DC,District of Columbia,11-3061,Purchasing Managers,detailed,1700,1.1,2.425,4.75,63.78,132670,2.7,52.35,57.58,62.82,70.62,76.95,108880,119770,130680,146890,160060,,
11,DC,District of Columbia,11-3071,"Transportation, Storage, and Distribution Managers",detailed,410,3.6,0.58,0.72,63.1,131260,2.6,39.84,53.76,65.68,73.9,79.37,82860,111830,136620,153710,165080,,
11,DC,District of Columbia,11-3111,Compensation and Benefits Managers,detailed,120,13.1,0.169,1.55,66.2,137690,4.3,47.66,54.79,63.46,75,87.71,99120,113960,131990,156000,182430,,
11,DC,District of Columbia,11-3121,Human Resources Managers,detailed,1480,3.3,2.108,2.28,71.71,149170,1.9,46.98,59.04,70.52,77.82,95.24,97730,122800,146690,161860,198100,,
11,DC,District of Columbia,11-3131,Training and Development Managers,detailed,280,14.7,0.397,1.7,65.36,135950,4.1,30.88,51.25,61.02,77.07,98.58,64230,106600,126920,160310,205050,,
11,DC,District of Columbia,11-9021,Construction Managers,detailed,800,14.6,1.14,0.64,53.31,110890,2.1,31.8,41.09,51.66,65.55,77.83,66150,85470,107450,136340,161880,,
11,DC,District of Columbia,11-9031,"Education Administrators, Preschool and Childcare Center/Program",detailed,300,13.8,0.429,1.24,30.43,63290,6.4,17.72,20.94,25.71,35.75,44.72,36850,43550,53470,74370,93030,,
11,DC,District of Columbia,11-9032,"Education Administrators, Elementary and Secondary School",detailed,1300,9.9,1.85,1.07,*,100110,4.2,*,*,*,*,*,55390,74800,99740,123980,147680,True,
11,DC,District of Columbia,11-9033,"Education Administrators, Postsecondary",detailed,1850,2.4,2.632,2.67,52.89,110000,3.9,25.08,31.28,44.06,62.84,94.47,52170,65070,91650,130710,196500,,
11,DC,District of Columbia,11-9039,"Education Administrators, All Other",detailed,770,8.7,1.098,4.52,46.97,97710,3.8,19.42,32.62,48.71,59.32,69.78,40400,67850,101310,123390,145150,,
11,DC,District of Columbia,11-9041,Architectural and Engineering Managers,detailed,1580,4,2.249,1.77,67.42,140230,3,52.34,61.07,68.05,77.06,81.93,108870,127030,141550,160290,170400,,
11,DC,District of Columbia,11-9051,Food Service Managers,detailed,1430,24.5,2.04,1.42,31.2,64890,4.3,20.58,25.01,29.3,35.39,44.68,42800,52030,60950,73610,92940,,
11,DC,District of Columbia,11-9081,Lodging Managers,detailed,130,17.3,0.184,0.73,49.03,101970,9.4,22.92,26.75,33.08,57.91,#,47670,55640,68810,120460,#,,
11,DC,District of Columbia,11-9111,Medical and Health Services Managers,detailed,1780,7.9,2.537,1.07,68.45,142380,5.5,39.55,47.29,59.68,77.06,#,82260,98370,124130,160290,#,,
11,DC,District of Columbia,11-9121,Natural Sciences Managers,detailed,1030,2.4,1.462,3.75,60.55,125940,4.3,35.88,51.68,61.57,72.59,77.07,74630,107500,128070,150990,160300,,
11,DC,District of Columbia,11-9141,"Property, Real Estate, and Community Association Managers",detailed,1690,9.3,2.412,1.88,37.53,78060,3.4,20.78,24.55,34.55,46.61,58.06,43230,51060,71860,96960,120760,,
11,DC,District of Columbia,11-9151,Social and Community Service Managers,detailed,1140,14.4,1.617,1.8,47.02,97800,4,26.53,32.6,40.07,57.27,80.31,55180,67810,83350,119120,167050,,
11,DC,District of Columbia,11-9161,Emergency Management Directors,detailed,200,4.2,0.283,4.15,55.47,115380,7.1,29.4,35.83,60.93,71.84,77.07,61160,74520,126740,149430,160300,,
11,DC,District of Columbia,11-9199,"Managers, All Other",detailed,18510,1.2,26.357,9.17,66.02,137320,3.5,49.79,55.85,62.83,72.45,78.26,103560,116170,130690,150690,162780,,
11,DC,District of Columbia,13-0000,Business and Financial Operations Occupations,major,102510,1.6,145.953,2.81,46.01,95700,1.1,25.68,32.9,43.81,54.46,71.25,53420,68440,91130,113290,148190,,
11,DC,District of Columbia,13-1011,"Agents and Business Managers of Artists, Performers, and Athletes",detailed,180,29.3,0.261,2.72,47.01,97770,19.1,14.43,25.7,35.44,55.48,95.33,30020,53460,73720,115390,198290,,
11,DC,District of Columbia,13-1021,"Buyers and Purchasing Agents, Farm Products",detailed,**,**,**,**,32.19,66950,6.5,21.74,28.3,33.67,37.68,39.98,45220,58860,70040,78380,83150,,
11,DC,District of Columbia,13-1022,"Wholesale and Retail Buyers, Except Farm Products",detailed,160,26,0.23,0.3,26.47,55050,8,17.02,19.74,22.74,32.27,40.27,35390,41070,47290,67120,83770,,
11,DC,District of Columbia,13-1023,"Purchasing Agents, Except Wholesale, Retail, and Farm Products",detailed,2630,2.2,3.741,1.76,45.45,94540,1.9,26.79,37.26,45.77,51.69,59.77,55730,77490,95210,107510,124320,,
11,DC,District of Columbia,13-1031,"Claims Adjusters, Examiners, and Investigators",detailed,560,4.8,0.794,0.41,38.87,80850,2.1,23.46,28.96,38.49,47.25,53.17,48800,60230,80070,98290,110590,,
11,DC,District of Columbia,13-1041,Compliance Officers,detailed,4520,4.2,6.442,3.3,43.55,90590,2.7,24.79,31.78,41.56,49.8,61.68,51570,66110,86440,103590,128280,,
11,DC,District of Columbia,13-1051,Cost Estimators,detailed,530,22,0.752,0.49,42.45,88300,5.3,22.53,30.29,40.22,54.13,62.33,46850,63010,83660,112600,129640,,
11,DC,District of Columbia,13-1071,Human Resources Specialists,detailed,7070,2.4,10.067,2.69,43.55,90590,5.3,24.61,31.59,44.2,54.1,62.83,51190,65710,91940,112520,130680,,
11,DC,District of Columbia,13-1075,Labor Relations Specialists,detailed,**,**,**,**,39.87,82920,6.3,26.36,31.21,36.65,46.73,58.78,54820,64910,76230,97190,122260,,
11,DC,District of Columbia,13-1081,Logisticians,detailed,1330,13.8,1.899,1.82,48.29,100440,2.3,28.11,36.03,47.93,60.21,71.33,58470,74940,99700,125240,148360,,
11,DC,District of Columbia,13-1111,Management Analysts,detailed,19820,3.8,28.223,6.21,48.97,101860,2.8,31.08,37.6,47.24,55.73,69.24,64650,78200,98260,115920,144010,,
11,DC,District of Columbia,13-1121,"Meeting, Convention, and Event Planners",detailed,2630,6.7,3.739,5.48,33.61,69910,2.2,20.4,25.25,31.53,39.16,48.93,42430,52510,65580,81460,101780,,
11,DC,District of Columbia,13-1131,Fundraisers,detailed,2230,8.3,3.17,6.46,35.04,72880,2.9,19.45,23.58,32.55,44.41,55.24,40450,49050,67700,92380,114890,,
11,DC,District of Columbia,13-1141,"Compensation, Benefits, and Job Analysis Specialists",detailed,520,10.7,0.734,1.3,42.47,88340,2.7,26.5,32.01,38.72,49.1,62.74,55120,66580,80530,102140,130500,,
11,DC,District of Columbia,13-1151,Training and Development Specialists,detailed,1460,8,2.086,1.09,37.01,76970,3,20.89,26.73,34.8,45.43,58.21,43440,55600,72390,94500,121070,,
11,DC,District of Columbia,13-1161,Market Research Analysts and Marketing Specialists,detailed,5420,5.4,7.717,1.94,34.51,71780,2.6,19.62,23.18,31.1,41.77,55.99,40820,48210,64690,86870,116470,,
11,DC,District of Columbia,13-1199,"Business Operations Specialists, All Other",detailed,31000,3.4,44.137,6.46,48.88,101670,2.1,27.4,35.1,44.7,57.59,79.41,57000,73000,92980,119790,165160,,
11,DC,District of Columbia,13-2011,Accountants and Auditors,detailed,11080,4.4,15.769,1.78,44.81,93210,4.7,25.18,31.6,41.57,55.38,68.05,52380,65720,86460,115190,141550,,
11,DC,District of Columbia,13-2021,Appraisers and Assessors of Real Estate,detailed,**,**,**,**,45.24,94100,1.7,31.44,38.95,45.78,53.18,59.75,65400,81020,95210,110620,124280,,
11,DC,District of Columbia,13-2031,Budget Analysts,detailed,1960,3.3,2.787,7.15,45.58,94820,1.9,31.09,38.49,45.78,51.68,57.6,64660,80060,95220,107500,119800,,
11,DC,District of Columbia,13-2041,Credit Analysts,detailed,220,16.9,0.309,0.59,50.16,104330,8.2,29.07,34.89,47.16,65.24,76.8,60460,72570,98100,135700,159740,,
11,DC,District of Columbia,13-2051,Financial Analysts,detailed,3010,5.5,4.288,2.14,49.95,103900,2.7,29.07,34.95,43.12,57.88,78.55,60460,72700,89700,120400,163390,,
11,DC,District of Columbia,13-2052,Personal Financial Advisors,detailed,500,26.8,0.706,0.49,64.97,135130,11.2,25.77,33.18,54.62,80.74,#,53610,69020,113600,167930,#,,
11,DC,District of Columbia,13-2061,Financial Examiners,detailed,550,2.6,0.783,2.21,71.61,148940,10.5,36.83,49.52,74.56,91.92,#,76600,103000,155080,191190,#,,
11,DC,District of Columbia,13-2071,Credit Counselors,detailed,90,11.9,0.128,0.53,31.17,64830,12.6,17.66,20.67,24.44,32.43,44.55,36740,42980,50840,67450,92660,,
11,DC,District of Columbia,13-2072,Loan Officers,detailed,650,13,0.924,0.42,42.48,88360,9.2,20.26,24.78,36.97,56.29,73.15,42140,51550,76900,117080,152160,,
11,DC,District of Columbia,13-2082,Tax Preparers,detailed,200,48.3,0.278,0.56,*,*,*,*,*,*,*,*,*,*,*,*,*,,
11,DC,District of Columbia,13-2099,"Financial Specialists, All Other",detailed,3180,2,4.53,5.16,48.38,100640,2.1,27.54,36.4,45.77,54.63,75.27,57290,75710,95210,113630,156550,,
11,DC,District of Columbia,15-0000,Computer and Mathematical Occupations,major,41390,4.6,58.932,1.99,49.8,103580,2.5,26.64,36.71,50,61.46,73.87,55420,76350,104000,127840,153660,,
11,DC,District of Columbia,15-1111,Computer and Information Research Scientists,detailed,640,41.5,0.909,4.8,59.37,123490,2.6,45.16,54.12,58.57,64.89,77.06,93940,112560,121830,134970,160290,,
11,DC,District of Columbia,15-1121,Computer Systems Analysts,detailed,4460,8.3,6.348,1.57,48.67,101240,2.1,26.42,35.51,47.61,59.78,73.99,54960,73850,99030,124350,153900,,
11,DC,District of Columbia,15-1122,Information Security Analysts,detailed,850,12.3,1.214,1.76,59.54,123850,4.2,32.48,43.07,57.48,75.99,92.13,67550,89590,119560,158050,191640,,
11,DC,District of Columbia,15-1131,Computer Programmers,detailed,1370,22.3,1.949,1.01,46.19,96070,2.6,27.91,34.34,44.92,58.11,68.83,58050,71430,93440,120870,143170,,
11,DC,District of Columbia,15-1132,"Software Developers, Applications",detailed,2330,13.5,3.323,0.59,53.86,112040,1.6,35.64,44.12,54.25,62.65,74.65,74130,91760,112830,130300,155280,,
11,DC,District of Columbia,15-1133,"Software Developers, Systems Software",detailed,3040,12.4,4.332,1.48,51.75,107640,2.5,30.74,38.78,51.77,63.97,75.7,63940,80670,107690,133050,157460,,
11,DC,District of Columbia,15-1134,Web Developers,detailed,1270,7.8,1.802,1.95,41.7,86730,2.3,24.9,32.66,41.01,50.61,61.12,51780,67930,85300,105260,127120,,
11,DC,District of Columbia,15-1141,Database Administrators,detailed,950,10.3,1.359,1.68,48.74,101380,2,28.64,37.04,49.47,60.6,70.8,59580,77050,102890,126040,147260,,
11,DC,District of Columbia,15-1142,Network and Computer Systems Administrators,detailed,2710,9.9,3.851,1.44,46.3,96290,1.8,30.11,35.89,44.86,55.46,64.29,62630,74650,93320,115350,133730,,
11,DC,District of Columbia,15-1143,Computer Network Architects,detailed,1230,13.9,1.748,1.56,52.68,109570,2.5,34.3,41.94,51.33,63.02,75.95,71340,87240,106770,131080,157980,,
11,DC,District of Columbia,15-1151,Computer User Support Specialists,detailed,4390,9.1,6.255,1.46,31.23,64960,3.2,16.53,21.85,29.08,38.39,49.76,34390,45460,60480,79850,103500,,
11,DC,District of Columbia,15-1152,Computer Network Support Specialists,detailed,780,12.5,1.104,0.82,43.01,89460,2.9,25.38,32.93,42.1,52.81,63.62,52790,68500,87570,109850,132330,,
11,DC,District of Columbia,15-1199,"Computer Occupations, All Other",detailed,14720,5.6,20.955,11.26,55.02,114440,2.2,31.15,44.3,55.84,66.31,77.59,64790,92150,116150,137930,161380,,
11,DC,District of Columbia,15-2011,Actuaries,detailed,180,6.1,0.261,1.84,58.99,122700,4.5,39.49,47.26,57.58,68.06,78.47,82140,98300,119780,141560,163230,,
11,DC,District of Columbia,15-2021,Mathematicians,detailed,70,17.5,0.096,4.94,60.94,126750,2.6,40.98,47.09,57.7,77.06,80.28,85230,97940,120030,160290,166970,,
11,DC,District of Columbia,15-2031,Operations Research Analysts,detailed,910,7.2,1.301,1.67,55.29,115000,2.7,34.17,44.31,55.31,67.74,77.06,71060,92160,115040,140900,160290,,
11,DC,District of Columbia,15-2041,Statisticians,detailed,1430,8.5,2.032,8.53,50.33,104680,2.5,31.08,40.63,50.2,58.99,68.05,64650,84520,104430,122700,141550,,
11,DC,District of Columbia,17-0000,Architecture and Engineering Occupations,major,11520,4.8,16.399,0.92,51.25,106590,4.4,27.95,37.25,49.81,64.34,77.06,58130,77480,103610,133820,160290,,
11,DC,District of Columbia,17-1011,"Architects, Except Landscape and Naval",detailed,1930,11,2.751,3.87,41.61,86560,3.2,25.72,29.7,38.94,48.73,60.55,53500,61780,81000,101370,125940,,
11,DC,District of Columbia,17-1012,Landscape Architects,detailed,50,20.8,0.07,0.51,46.76,97260,5.2,28.89,37.51,43.17,49.78,73.23,60090,78010,89790,103550,152320,,
11,DC,District of Columbia,17-2011,Aerospace Engineers,detailed,310,12.1,0.438,0.9,61.66,128250,2.4,37.05,50.23,64.96,75.41,80.27,77060,104470,135120,156840,166970,,
11,DC,District of Columbia,17-2031,Biomedical Engineers,detailed,50,18.5,0.076,0.52,35.15,73110,4.6,21.4,25.16,33.3,42.61,50.31,44520,52330,69260,88620,104650,,
11,DC,District of Columbia,17-2041,Chemical Engineers,detailed,80,2.9,0.11,0.48,54.04,112410,2.7,37.29,48.33,56.11,59.06,68.05,77560,100530,116710,122840,141550,,
11,DC,District of Columbia,17-2051,Civil Engineers,detailed,990,12.9,1.412,0.69,51.54,107210,6.3,28.28,35.33,44.89,56.29,77.58,58830,73490,93370,117080,161360,,
11,DC,District of Columbia,17-2061,Computer Hardware Engineers,detailed,420,22.9,0.596,1.15,55.14,114690,2.3,32.59,43.13,56.05,64.22,77.07,67800,89710,116590,133580,160300,,
11,DC,District of Columbia,17-2071,Electrical Engineers,detailed,460,10.4,0.66,0.5,53.04,110310,1.6,37.25,44.24,52.61,59.53,76.11,77480,92010,109440,123820,158300,,
11,DC,District of Columbia,17-2081,Environmental Engineers,detailed,310,10,0.444,1.19,47.37,98530,2.6,30.9,40.04,48.44,55.56,60.05,64270,83280,100760,115560,124910,,
11,DC,District of Columbia,17-2111,"Health and Safety Engineers, Except Mining Safety Engineers and Inspectors",detailed,160,30.3,0.231,1.27,48.86,101640,2.4,32.58,42.32,48.74,56.87,63.6,67770,88030,101380,118300,132280,,
11,DC,District of Columbia,17-2112,Industrial Engineers,detailed,240,20.9,0.335,0.18,42.37,88130,2.2,29.17,33.4,38.71,49.43,59.83,60670,69480,80510,102810,124440,,
11,DC,District of Columbia,17-2121,Marine Engineers and Naval Architects,detailed,810,38.4,1.154,19.95,58.42,121510,2.8,35.79,48.07,59.84,70.87,77.07,74430,99990,124480,147400,160300,,
11,DC,District of Columbia,17-2131,Materials Engineers,detailed,160,45.7,0.225,1.18,54.57,113500,2,36.42,44.26,54.94,62.97,77.06,75750,92050,114270,130970,160290,,
11,DC,District of Columbia,17-2141,Mechanical Engineers,detailed,780,12.9,1.104,0.54,52.09,108340,2.4,32.93,40.9,51.69,61.1,77.06,68490,85070,107500,127080,160290,,
11,DC,District of Columbia,17-2199,"Engineers, All Other",detailed,2690,0.5,3.826,4.35,60.93,126730,2.7,39.28,52.09,64.14,74.73,77.91,81700,108350,133410,155440,162040,,
11,DC,District of Columbia,17-3011,Architectural and Civil Drafters,detailed,320,23.4,0.46,0.67,26.45,55010,4.4,18.12,21.59,25.62,30,37.67,37680,44900,53290,62390,78340,,
11,DC,District of Columbia,17-3012,Electrical and Electronics Drafters,detailed,120,14.9,0.168,0.88,38.57,80220,6.9,21.44,30.67,38.9,48.24,56.34,44600,63780,80910,100350,117190,,
11,DC,District of Columbia,17-3022,Civil Engineering Technicians,detailed,180,21.5,0.259,0.5,32.75,68120,12.3,16.91,26.47,34.63,41.49,42.75,35170,55060,72030,86310,88910,,
11,DC,District of Columbia,17-3023,Electrical and Electronics Engineering Technicians,detailed,340,23.1,0.488,0.51,37.23,77450,2.4,30.68,32.11,36.16,42.92,48.73,63820,66800,75220,89270,101370,,
11,DC,District of Columbia,17-3029,"Engineering Technicians, Except Drafters, All Other",detailed,310,2.8,0.439,0.83,42.39,88160,3.2,31.9,37.3,43.47,47.4,49.83,66360,77580,90410,98600,103650,,
11,DC,District of Columbia,19-0000,"Life, Physical, and Social Science Occupations",major,25470,3.4,36.262,4.42,49.14,102210,3.8,21,31.08,47.19,63.3,77.06,43680,64650,98140,131660,160290,,
11,DC,District of Columbia,19-1013,Soil and Plant Scientists,detailed,60,0,0.085,0.81,41.96,87270,3.5,26.78,31.09,37.3,47.25,67.73,55700,64670,77580,98280,140880,,
11,DC,District of Columbia,19-1022,Microbiologists,detailed,**,**,**,**,54.62,113600,2.7,38.34,45.78,54.08,66.82,75.88,79740,95210,112480,138990,157830,,
11,DC,District of Columbia,19-1023,Zoologists and Wildlife Biologists,detailed,90,1.6,0.132,1.04,51.36,106820,3.5,31.08,38.49,48.73,62.83,77.06,64650,80060,101360,130680,160290,,
11,DC,District of Columbia,19-1029,"Biological Scientists, All Other",detailed,280,0.3,0.401,1.61,50.37,104760,2.2,25.69,33.74,42.23,70.92,83.53,53430,70170,87840,147510,173740,,
11,DC,District of Columbia,19-1031,Conservation Scientists,detailed,260,41.3,0.371,2.55,*,*,*,*,*,*,*,*,*,*,*,*,*,,
11,DC,District of Columbia,19-1041,Epidemiologists,detailed,60,14.8,0.086,2.12,52.96,110150,7.7,29.42,35.92,44.89,60.1,89.38,61200,74710,93360,125020,185900,,
11,DC,District of Columbia,19-1042,"Medical Scientists, Except Epidemiologists",detailed,690,15.5,0.98,1.26,43.31,90090,4.3,22.61,27.52,35.42,53.78,73.89,47040,57240,73680,111850,153700,,
11,DC,District of Columbia,19-2012,Physicists,detailed,570,13.9,0.816,6.87,67.81,141050,3.4,46.36,57.23,69.57,77.07,88.93,96420,119040,144710,160310,184960,,
11,DC,District of Columbia,19-2021,Atmospheric and Space Scientists,detailed,60,48.2,0.088,1.27,43.73,90950,14.3,13.8,32.1,41.8,61.07,69.78,28700,66780,86950,127030,145150,,
11,DC,District of Columbia,19-2031,Chemists,detailed,250,1,0.36,0.58,57.82,120260,2.6,37.25,48.73,57.6,68.56,77.07,77490,101360,119800,142610,160300,,
11,DC,District of Columbia,19-2041,"Environmental Scientists and Specialists, Including Health",detailed,1390,5.4,1.973,3.29,52.7,109620,5.1,26.93,39.73,54.1,66.32,75.95,56010,82650,112520,137940,157970,,
11,DC,District of Columbia,19-2042,"Geoscientists, Except Hydrologists and Geographers",detailed,**,**,**,**,61.16,127220,2.8,42.69,49.27,57.59,77.06,80.7,88800,102480,119790,160290,167870,,
11,DC,District of Columbia,19-2099,"Physical Scientists, All Other",detailed,670,3.5,0.955,7.08,60.05,124900,3.5,37.25,48.74,61.08,75.94,77.07,77480,101370,127050,157960,160300,,
11,DC,District of Columbia,19-3011,Economists,detailed,7420,9.8,10.56,76.5,60.22,125260,2,31.03,40.97,54.88,72.85,94.26,64540,85220,114150,151520,196060,,
11,DC,District of Columbia,19-3022,Survey Researchers,detailed,510,15.6,0.723,8.51,39.53,82230,6.5,18.2,23.2,35.44,47.96,70.23,37860,48270,73720,99750,146080,,
11,DC,District of Columbia,19-3031,"Clinical, Counseling, and School Psychologists",detailed,430,9.4,0.617,0.8,41.03,85340,4.7,22.24,31.17,39.69,48.86,60.38,46260,64830,82560,101620,125590,,
11,DC,District of Columbia,19-3039,"Psychologists, All Other",detailed,210,9.2,0.303,3.2,43.42,90310,3.8,21.17,32.56,47.19,53.16,61.47,44040,67730,98150,110580,127870,,
11,DC,District of Columbia,19-3051,Urban and Regional Planners,detailed,240,13.7,0.344,1.39,46.81,97360,4.6,26.98,35.43,46.26,56.77,64.56,56120,73700,96220,118090,134290,,
11,DC,District of Columbia,19-3091,Anthropologists and Archeologists,detailed,70,2.2,0.094,2.04,44.33,92200,4.5,22.49,34.19,44.3,54.64,62.79,46780,71120,92150,113650,130600,,
11,DC,District of Columbia,19-3094,Political Scientists,detailed,3790,10.1,5.394,119.19,56.05,116590,2.1,33.61,45.78,57.59,68.05,76.89,69910,95210,119790,141550,159930,,
11,DC,District of Columbia,19-3099,"Social Scientists and Related Workers, All Other",detailed,3280,11.5,4.674,18.04,47.62,99050,2.5,31.08,38.49,45.77,57.58,69.08,64650,80060,95210,119770,143690,,
11,DC,District of Columbia,19-4021,Biological Technicians,detailed,**,**,**,**,23.2,48250,4,14.56,17.38,22.97,28.03,30.58,30290,36160,47780,58290,63610,,
11,DC,District of Columbia,19-4031,Chemical Technicians,detailed,50,17.2,0.068,0.15,24.32,50580,5.9,13.91,17.33,23.49,29.78,37.13,28930,36050,48870,61930,77230,,
11,DC,District of Columbia,19-4061,Social Science Research Assistants,detailed,3620,5.8,5.158,24.12,23.38,48620,5.2,13.09,16.74,21.3,27.22,34.01,27220,34810,44310,56610,70740,,
11,DC,District of Columbia,19-4091,"Environmental Science and Protection Technicians, Including Health",detailed,50,7.2,0.069,0.29,37.48,77950,3.2,27.94,28.84,38.34,43.71,48.18,58120,60000,79750,90920,100210,,
11,DC,District of Columbia,19-4099,"Life, Physical, and Social Science Technicians, All Other",detailed,290,10.2,0.414,0.85,31.81,66160,1.8,20.21,23.9,28.26,36.07,50.87,42040,49700,58770,75030,105810,,
11,DC,District of Columbia,21-0000,Community and Social Service Occupations,major,11840,5.5,16.858,1.17,27.24,56660,2.2,14.24,18.87,25.11,34.28,43.53,29620,39240,52240,71300,90550,,
11,DC,District of Columbia,21-1011,Substance Abuse and Behavioral Disorder Counselors,detailed,180,26.5,0.25,0.39,22.2,46180,3.6,13.54,16.73,21.66,27.11,30.49,28160,34790,45050,56380,63420,,
11,DC,District of Columbia,21-1012,"Educational, Guidance, School, and Vocational Counselors",detailed,1490,5.9,2.128,1.15,30.62,63680,4.3,19.86,23.73,29.02,36.25,45.42,41320,49360,60370,75390,94460,,
11,DC,District of Columbia,21-1014,Mental Health Counselors,detailed,930,22.7,1.318,1.32,21.42,44550,8.9,10.51,13.24,20.72,28.27,34.2,21850,27530,43090,58790,71140,,
11,DC,District of Columbia,21-1015,Rehabilitation Counselors,detailed,810,23.4,1.148,1.56,20.05,41710,10.7,12.67,13.72,16.01,24.46,33.33,26340,28540,33300,50880,69320,,
11,DC,District of Columbia,21-1019,"Counselors, All Other",detailed,200,21.1,0.287,1.42,22.43,46660,3.6,14.5,18.81,21.67,25.05,32.82,30160,39120,45080,52110,68260,,
11,DC,District of Columbia,21-1021,"Child, Family, and School Social Workers",detailed,2090,10.9,2.976,1.4,30.42,63260,5.8,18.46,23.44,29.36,37.42,44.23,38390,48760,61060,77830,92000,,
11,DC,District of Columbia,21-1022,Healthcare Social Workers,detailed,580,10.7,0.822,0.72,32.61,67840,4.9,19.05,24.81,30.27,38.74,50.67,39610,51600,62960,80570,105390,,
11,DC,District of Columbia,21-1023,Mental Health and Substance Abuse Social Workers,detailed,540,29.2,0.772,0.95,27.51,57210,4.7,17.68,20.91,25.9,35.91,38.17,36770,43490,53860,74690,79390,,
11,DC,District of Columbia,21-1029,"Social Workers, All Other",detailed,290,10,0.406,0.96,34.37,71490,5.9,17.75,30.2,35.56,41.49,44.84,36930,62810,73960,86300,93270,,
11,DC,District of Columbia,21-1091,Health Educators,detailed,690,6.3,0.983,2.4,39.59,82350,1.9,18.94,26.55,40.3,49.43,60.29,39390,55220,83820,102820,125400,,
11,DC,District of Columbia,21-1092,Probation Officers and Correctional Treatment Specialists,detailed,**,**,**,**,29.34,61030,13.4,20.2,22.18,28.1,36.73,39.27,42010,46130,58450,76400,81670,,
11,DC,District of Columbia,21-1093,Social and Human Service Assistants,detailed,2020,14.9,2.881,1.12,19.57,40710,2,13.38,15.76,19.12,22.68,26.66,27830,32790,39780,47170,55460,,
11,DC,District of Columbia,21-1094,Community Health Workers,detailed,760,17.8,1.085,2.93,32.67,67960,3.9,17.97,22.23,30.22,39.28,48.7,37380,46240,62850,81710,101300,,
11,DC,District of Columbia,21-1099,"Community and Social Service Specialists, All Other",detailed,700,30.1,1,1.53,23.32,48500,7.8,14.84,17.58,21.65,27.06,35.27,30860,36560,45040,56280,73360,,
11,DC,District of Columbia,21-2011,Clergy,detailed,110,8.9,0.154,0.44,32.59,67790,3.8,17.51,25.31,32.23,40.97,48.43,36430,52640,67040,85220,100740,,
11,DC,District of Columbia,21-2021,"Directors, Religious Activities and Education",detailed,180,20.1,0.251,1.71,31.1,64700,17,10.51,17.88,29.65,44.41,48.73,21860,37190,61670,92370,101360,,
11,DC,District of Columbia,21-2099,"Religious Workers, All Other",detailed,160,38.9,0.231,3.94,28.47,59210,8.5,19.01,21.82,31.34,35.27,37.63,39550,45380,65200,73360,78260,,
11,DC,District of Columbia,23-0000,Legal Occupations,major,38960,2.5,55.464,7.24,78.23,162710,5.6,32.12,50.38,72.01,95.56,#,66800,104780,149790,198760,#,,
11,DC,District of Columbia,23-1011,Lawyers,detailed,31470,2.8,44.812,10.16,87.89,182810,6.9,47.32,63.64,77.06,#,#,98420,132360,160290,#,#,,
11,DC,District of Columbia,23-1022,"Arbitrators, Mediators, and Conciliators",detailed,100,16.6,0.137,3.05,44.54,92650,2.2,29.03,34.03,39.74,55.84,65.78,60380,70780,82660,116150,136830,,
11,DC,District of Columbia,23-2011,Paralegals and Legal Assistants,detailed,5400,5.1,7.69,3.89,36.84,76620,2.1,21.39,25.69,35.33,45.08,54.29,44500,53430,73490,93760,112910,,
11,DC,District of Columbia,23-2091,Court Reporters,detailed,**,**,**,**,24.07,50060,6.8,16.61,18.97,23.14,28.52,34.44,34560,39470,48130,59330,71640,,
11,DC,District of Columbia,23-2093,"Title Examiners, Abstractors, and Searchers",detailed,60,34.6,0.091,0.23,31.48,65470,8.2,16.39,22.43,31.41,39.47,48.44,34090,46660,65330,82090,100760,,
11,DC,District of Columbia,23-2099,"Legal Support Workers, All Other",detailed,1500,3.8,2.141,6.69,34.97,72730,4.7,21,25.2,29.77,41.49,59.36,43680,52420,61920,86310,123460,,
11,DC,District of Columbia,25-0000,"Education, Training, and Library Occupations",major,33830,1.3,48.171,0.78,34.77,72330,3.4,15.2,21.36,30.78,42.29,57.54,31610,44430,64010,87960,119680,,
11,DC,District of Columbia,25-1011,"Business Teachers, Postsecondary",detailed,1480,0,2.101,3.55,*,114830,7.5,*,*,*,*,*,40780,59410,91130,142600,#,True,
11,DC,District of Columbia,25-1021,"Computer Science Teachers, Postsecondary",detailed,160,0,0.233,1,*,100090,2.1,*,*,*,*,*,44890,60980,90970,125250,170060,True,
11,DC,District of Columbia,25-1022,"Mathematical Science Teachers, Postsecondary",detailed,200,0,0.287,0.77,*,80060,3,*,*,*,*,*,55080,62310,76490,94920,114660,True,
11,DC,District of Columbia,25-1042,"Biological Science Teachers, Postsecondary",detailed,230,0,0.333,0.92,*,91380,1.8,*,*,*,*,*,45650,58440,78500,112730,155600,True,
11,DC,District of Columbia,25-1052,"Chemistry Teachers, Postsecondary",detailed,100,0,0.146,0.97,*,107260,5.3,*,*,*,*,*,55130,64220,92610,135770,165390,True,
11,DC,District of Columbia,25-1054,"Physics Teachers, Postsecondary",detailed,90,0,0.128,1.27,*,91620,3.2,*,*,*,*,*,44800,58560,86210,117600,149510,True,
11,DC,District of Columbia,25-1061,"Anthropology and Archeology Teachers, Postsecondary",detailed,40,0,0.063,1.56,*,87190,5.1,*,*,*,*,*,53320,60730,84720,107810,133830,True,
11,DC,District of Columbia,25-1063,"Economics Teachers, Postsecondary",detailed,250,0,0.357,3.83,*,106560,6.5,*,*,*,*,*,44610,51520,90120,138680,197810,True,
11,DC,District of Columbia,25-1065,"Political Science Teachers, Postsecondary",detailed,1340,0,1.905,16,*,97480,4.1,*,*,*,*,*,52190,63380,84680,119220,163410,True,
11,DC,District of Columbia,25-1066,"Psychology Teachers, Postsecondary",detailed,200,19,0.282,1.05,*,79740,3,*,*,*,*,*,41530,55620,72400,98660,126870,True,
11,DC,District of Columbia,25-1067,"Sociology Teachers, Postsecondary",detailed,80,0,0.108,1.04,*,82670,5.5,*,*,*,*,*,47760,57480,75110,100730,142780,True,
11,DC,District of Columbia,25-1071,"Health Specialties Teachers, Postsecondary",detailed,570,0,0.808,0.61,*,*,*,*,*,*,*,*,*,*,*,*,*,True,
11,DC,District of Columbia,25-1072,"Nursing Instructors and Teachers, Postsecondary",detailed,280,0,0.395,0.99,*,72650,1.8,*,*,*,*,*,37270,49520,70110,92870,112900,True,
11,DC,District of Columbia,25-1081,"Education Teachers, Postsecondary",detailed,280,4.8,0.4,0.95,*,63890,2.1,*,*,*,*,*,34320,46930,59320,78110,99990,True,
11,DC,District of Columbia,25-1111,"Criminal Justice and Law Enforcement Teachers, Postsecondary",detailed,**,**,**,**,*,75790,2.6,*,*,*,*,*,36380,53640,65170,83620,135060,True,
11,DC,District of Columbia,25-1112,"Law Teachers, Postsecondary",detailed,1050,0,1.501,13.17,*,121270,4.4,*,*,*,*,*,56820,71320,98270,156360,#,True,
11,DC,District of Columbia,25-1121,"Art, Drama, and Music Teachers, Postsecondary",detailed,670,25,0.953,1.35,*,80440,6.2,*,*,*,*,*,42530,56190,73440,97660,125330,True,
11,DC,District of Columbia,25-1122,"Communications Teachers, Postsecondary",detailed,240,0,0.339,1.69,*,78030,3.4,*,*,*,*,*,51470,58250,70990,89110,122020,True,
11,DC,District of Columbia,25-1123,"English Language and Literature Teachers, Postsecondary",detailed,340,0,0.478,0.94,*,76660,3.2,*,*,*,*,*,43130,54440,64820,91970,125540,True,
11,DC,District of Columbia,25-1124,"Foreign Language and Literature Teachers, Postsecondary",detailed,940,24.7,1.341,6.56,*,60800,7,*,*,*,*,*,23480,44070,54980,73230,96490,True,
11,DC,District of Columbia,25-1125,"History Teachers, Postsecondary",detailed,110,0,0.157,1.01,*,83060,2.4,*,*,*,*,*,52010,62680,79690,98370,128680,True,
11,DC,District of Columbia,25-1126,"Philosophy and Religion Teachers, Postsecondary",detailed,390,0,0.551,3.33,*,73890,3.8,*,*,*,*,*,44590,52060,67870,92550,107980,True,
11,DC,District of Columbia,25-1193,"Recreation and Fitness Studies Teachers, Postsecondary",detailed,**,**,**,**,*,62370,2.2,*,*,*,*,*,30500,44600,58890,76650,99220,True,
11,DC,District of Columbia,25-1194,"Vocational Education Teachers, Postsecondary",detailed,100,17.3,0.149,0.18,31.4,65320,6.2,10.51,20.41,33.67,42.83,47.89,21860,42450,70030,89080,99600,,
11,DC,District of Columbia,25-1199,"Postsecondary Teachers, All Other",detailed,1420,2.5,2.019,1.45,*,70100,4,*,*,*,*,*,21860,50550,63860,82570,114730,True,
11,DC,District of Columbia,25-2011,"Preschool Teachers, Except Special Education",detailed,990,15.4,1.411,0.51,18.02,37480,9.3,10.5,10.51,16.48,23.45,29.21,21850,21860,34290,48780,60760,,
11,DC,District of Columbia,25-2012,"Kindergarten Teachers, Except Special Education",detailed,60,24.2,0.09,0.08,*,67500,6,*,*,*,*,*,45290,54500,60210,70750,94290,True,
11,DC,District of Columbia,25-2021,"Elementary School Teachers, Except Special Education",detailed,2770,3,3.947,0.4,*,74710,4,*,*,*,*,*,53140,59460,72880,90680,102330,True,
11,DC,District of Columbia,25-2022,"Middle School Teachers, Except Special and Career/Technical Education",detailed,1440,22.6,2.043,0.46,*,70380,4.5,*,*,*,*,*,45290,57010,69710,83070,99800,True,
11,DC,District of Columbia,25-2031,"Secondary School Teachers, Except Special and Career/Technical Education",detailed,3090,6.5,4.405,0.62,*,63070,2.9,*,*,*,*,*,34860,46630,61160,76760,95050,True,
11,DC,District of Columbia,25-2052,"Special Education Teachers, Kindergarten and Elementary School",detailed,740,18.7,1.048,0.77,*,66730,9.6,*,*,*,*,*,40390,50930,62520,83860,100210,True,
11,DC,District of Columbia,25-2053,"Special Education Teachers, Middle School",detailed,210,17.1,0.292,0.45,*,65160,10.1,*,*,*,*,*,39640,51230,61510,80700,97800,True,
11,DC,District of Columbia,25-2054,"Special Education Teachers, Secondary School",detailed,650,11,0.926,0.98,*,68730,6.2,*,*,*,*,*,47210,55770,65480,78440,98630,True,
11,DC,District of Columbia,25-2059,"Special Education Teachers, All Other",detailed,200,29.8,0.286,1,*,62250,4.3,*,*,*,*,*,32490,45130,58850,80850,95570,True,
11,DC,District of Columbia,25-3011,Adult Basic and Secondary Education and Literacy Teachers and Instructors,detailed,270,15.5,0.389,0.93,22.61,47040,5.2,15.41,17.73,21.33,24.46,33.3,32040,36870,44360,50870,69270,,
11,DC,District of Columbia,25-3021,Self-Enrichment Education Teachers,detailed,330,37.8,0.477,0.29,26.86,55880,12.4,14.88,17.03,24.94,35.89,39.71,30950,35430,51880,74660,82590,,
11,DC,District of Columbia,25-3097,"Teachers and Instructors, All Other, Except Substitute Teachers",detailed,2730,12,3.891,1.86,*,72230,5.5,*,*,*,*,*,40590,53280,68010,83820,117030,True,
11,DC,District of Columbia,25-3098,Substitute Teachers,detailed,120,35.6,0.166,0.04,17.29,35970,11.5,11.77,13.17,17.56,21.54,23.35,24490,27390,36530,44800,48560,,
11,DC,District of Columbia,25-4011,Archivists,detailed,180,4.1,0.258,6.28,35.71,74270,4.7,18.3,28.26,35.99,43.46,50.21,38060,58770,74850,90400,104430,,
11,DC,District of Columbia,25-4012,Curators,detailed,130,3,0.183,2.3,43.4,90260,4.3,25.42,31.08,39.36,45.94,81.02,52870,64660,81880,95560,168520,,
11,DC,District of Columbia,25-4013,Museum Technicians and Conservators,detailed,420,2,0.6,7.68,31.9,66350,2.4,18.9,24.51,31.69,39.36,44.7,39310,50970,65910,81870,92990,,
11,DC,District of Columbia,25-4021,Librarians,detailed,1160,3.6,1.657,1.8,40.17,83550,2.3,26.55,32.12,38.5,46.02,54.61,55220,66810,80080,95720,113590,,
11,DC,District of Columbia,25-4031,Library Technicians,detailed,550,2.6,0.787,1.18,23.86,49630,3.9,17.33,19.26,23.8,27.3,30.24,36050,40070,49510,56790,62890,,
11,DC,District of Columbia,25-9011,Audio-Visual and Multimedia Collections Specialists,detailed,40,12.7,0.052,0.71,28.04,58310,2.2,20.1,23.41,27.39,30.97,37.27,41810,48690,56970,64410,77530,,
11,DC,District of Columbia,25-9031,Instructional Coordinators,detailed,1540,7,2.19,2.09,44.35,92240,6.3,25.69,33.53,43.89,54.81,64.56,53440,69740,91280,114000,134290,,
11,DC,District of Columbia,25-9041,Teacher Assistants,detailed,3770,11.3,5.37,0.6,*,32570,2,*,*,*,*,*,23220,26880,32390,37220,40190,True,
11,DC,District of Columbia,25-9099,"Education, Training, and Library Workers, All Other",detailed,310,1.2,0.436,0.61,28.5,59280,5.5,13.43,19.41,26.79,38.25,46.66,27940,40380,55730,79570,97060,,
11,DC,District of Columbia,27-0000,"Arts, Design, Entertainment, Sports, and Media Occupations",major,36180,2.6,51.512,3.8,42.29,87960,1.8,19.03,26.15,37.22,50.45,71.37,39590,54400,77410,104940,148450,,
11,DC,District of Columbia,27-1011,Art Directors,detailed,650,44.3,0.931,3.61,42.11,87590,8.2,26.53,30.2,37.76,47.42,59.64,55190,62810,78540,98630,124040,,
11,DC,District of Columbia,27-1014,Multimedia Artists and Animators,detailed,110,15.3,0.159,0.75,36.79,76530,3.7,23.48,30.45,35.99,42.31,50.19,48850,63330,74870,88000,104390,,
11,DC,District of Columbia,27-1019,"Artists and Related Workers, All Other",detailed,1100,1.6,1.57,31.43,42.03,87410,3.2,25.69,37.25,43.47,48.44,54.63,53430,77490,90410,100750,113640,,
11,DC,District of Columbia,27-1023,Floral Designers,detailed,120,24.4,0.166,0.53,19.56,40690,15.5,11.65,13.37,16.46,25.58,32.41,24240,27800,34240,53200,67420,,
11,DC,District of Columbia,27-1024,Graphic Designers,detailed,1650,11.1,2.352,1.57,33.41,69490,4.2,18.14,23.57,32.92,41.9,48.73,37740,49030,68470,87160,101370,,
11,DC,District of Columbia,27-1025,Interior Designers,detailed,880,19.4,1.258,3.32,38.92,80950,10,18.5,25.7,32.83,43.99,62.21,38480,53450,68280,91490,129400,,
11,DC,District of Columbia,27-1026,Merchandise Displayers and Window Trimmers,detailed,130,39.6,0.187,0.23,21.8,45350,8.8,15.03,16.66,19.94,26.8,30.55,31270,34660,41470,55740,63550,,
11,DC,District of Columbia,27-1027,Set and Exhibit Designers,detailed,250,17.1,0.36,4.19,34.02,70770,3.3,19.92,27.72,34.83,40.4,46.11,41430,57650,72440,84040,95910,,
11,DC,District of Columbia,27-1029,"Designers, All Other",detailed,50,17.2,0.071,1.39,35.69,74240,22.5,10.91,11.51,40.35,49.92,63.34,22690,23940,83920,103830,131740,,
11,DC,District of Columbia,27-2011,Actors,detailed,340,39.2,0.487,1.41,43.37,*,21.4,10.51,11.35,18.66,52.93,#,*,*,*,*,*,,True
11,DC,District of Columbia,27-2012,Producers and Directors,detailed,1900,8.4,2.708,3.32,40.07,83350,2.8,20.56,26.2,38.01,48.43,60.88,42760,54500,79070,100740,126630,,
11,DC,District of Columbia,27-2022,Coaches and Scouts,detailed,440,12.2,0.631,0.38,*,56770,5.1,*,*,*,*,*,29320,34690,45450,68140,91220,True,
11,DC,District of Columbia,27-2031,Dancers,detailed,**,**,**,**,15.93,*,6.7,10.51,12.51,15.58,19.16,22.41,*,*,*,*,*,,True
11,DC,District of Columbia,27-2032,Choreographers,detailed,**,**,**,**,21.87,45490,4.2,19.98,20.8,22.18,23.55,24.43,41560,43270,46130,48980,50810,,
11,DC,District of Columbia,27-2041,Music Directors and Composers,detailed,**,**,**,**,22.77,47350,24.3,10.51,10.68,19.65,29.67,36.55,21850,22200,40880,61720,76030,,
11,DC,District of Columbia,27-2042,Musicians and Singers,detailed,220,18,0.312,1.09,31.58,*,8.1,19.09,26.28,29.01,39.41,47.05,*,*,*,*,*,,True
11,DC,District of Columbia,27-2099,"Entertainers and Performers, Sports and Related Workers, All Other",detailed,120,17.1,0.166,1.78,24.37,*,13.1,11.15,13.64,19.57,31.87,42.49,*,*,*,*,*,,True
11,DC,District of Columbia,27-3011,Radio and Television Announcers,detailed,190,2.4,0.265,1.28,40.84,84940,10.3,24.77,26.77,30.11,45.8,74.17,51510,55680,62630,95250,154270,,
11,DC,District of Columbia,27-3021,Broadcast News Analysts,detailed,100,48.2,0.137,3.78,*,*,*,*,*,*,*,*,*,*,*,*,*,,
11,DC,District of Columbia,27-3022,Reporters and Correspondents,detailed,2390,17.4,3.409,11.94,41.48,86270,3.3,18.54,27.33,38.32,53.08,69.67,38560,56850,79710,110410,144910,,
11,DC,District of Columbia,27-3031,Public Relations Specialists,detailed,16540,4.3,23.553,14.57,46.03,95750,2.9,19.4,25.89,37.58,57.59,86.01,40340,53860,78170,119790,178910,,
11,DC,District of Columbia,27-3041,Editors,detailed,3000,8.5,4.274,6.18,42.24,87860,2.3,22.11,28.94,37.65,49.6,65.06,45980,60190,78310,103180,135330,,
11,DC,District of Columbia,27-3042,Technical Writers,detailed,800,14.1,1.139,3.21,40.3,83820,2.9,27.4,33.67,40,47.17,54.02,56990,70040,83200,98120,112370,,
11,DC,District of Columbia,27-3043,Writers and Authors,detailed,1290,6.8,1.836,5.77,47.1,97970,4.8,25.43,32.06,43.81,54.64,66.58,52880,66680,91120,113640,138480,,
11,DC,District of Columbia,27-3091,Interpreters and Translators,detailed,460,15,0.66,1.8,42.43,88250,5.4,25.47,33.12,44.3,53.34,58.56,52970,68900,92150,110950,121810,,
11,DC,District of Columbia,27-3099,"Media and Communication Workers, All Other",detailed,190,12.1,0.269,1.62,35.8,74460,5.2,19.4,23.05,30.36,46.89,63.35,40340,47950,63140,97520,131770,,
11,DC,District of Columbia,27-4011,Audio and Video Equipment Technicians,detailed,620,11.1,0.878,1.77,27.88,57980,2.2,17.53,21.35,26.87,33.62,38.74,36460,44410,55890,69940,80580,,
11,DC,District of Columbia,27-4012,Broadcast Technicians,detailed,650,14.2,0.923,4.27,36.27,75430,4,14.98,18.15,40.17,46.33,56.26,31170,37740,83550,96360,117020,,
11,DC,District of Columbia,27-4014,Sound Engineering Technicians,detailed,100,30.2,0.136,1.25,31.06,64610,11.1,14.67,17.73,25.64,37.22,46.63,30520,36880,53340,77410,97000,,
11,DC,District of Columbia,27-4021,Photographers,detailed,180,14.6,0.254,0.73,30.65,63750,7,15.47,18.11,27.6,42.48,48.71,32190,37670,57400,88370,101320,,
11,DC,District of Columbia,27-4031,"Camera Operators, Television, Video, and Motion Picture",detailed,730,22,1.035,6.69,41.93,87220,3.7,27.33,34.73,42.33,48.43,58.91,56850,72240,88050,100740,122520,,
11,DC,District of Columbia,27-4032,Film and Video Editors,detailed,150,31.1,0.216,1.01,38.13,79310,4.1,18.56,30.87,37.25,45.48,52.06,38600,64200,77470,94590,108280,,
11,DC,District of Columbia,27-4099,"Media and Communication Equipment Workers, All Other",detailed,400,4.3,0.563,4.25,*,*,*,*,*,*,*,*,*,*,*,*,*,,
11,DC,District of Columbia,29-0000,Healthcare Practitioners and Technical Occupations,major,30660,2.6,43.654,0.74,43.57,90630,3.1,19.97,27.31,36.14,49.12,75.34,41540,56800,75160,102170,156710,,
11,DC,District of Columbia,29-1021,"Dentists, General",detailed,260,19.4,0.377,0.5,54.76,113910,26.2,16.62,18.69,50.39,68.38,#,34570,38870,104800,142230,#,,
11,DC,District of Columbia,29-1031,Dietitians and Nutritionists,detailed,250,5.5,0.358,0.82,30.08,62570,4.6,16.12,22.75,30.36,36.46,42.23,33540,47320,63160,75840,87830,,
11,DC,District of Columbia,29-1041,Optometrists,detailed,100,49.7,0.142,0.55,40.61,84460,7.2,29.65,32.24,35.68,48.44,61.4,61680,67070,74220,100750,127710,,
11,DC,District of Columbia,29-1051,Pharmacists,detailed,800,8.2,1.133,0.52,58.05,120740,1.4,50.47,53.75,58.68,64.69,73.81,104980,111800,122050,134550,153530,,
11,DC,District of Columbia,29-1061,Anesthesiologists,detailed,230,18.6,0.325,1.51,102.06,212280,15.7,27.44,36.9,#,#,#,57070,76750,#,#,#,,
11,DC,District of Columbia,29-1062,Family and General Practitioners,detailed,720,8.8,1.021,1.17,92.09,191540,8.4,43.66,68.83,86.57,#,#,90810,143170,180060,#,#,,
11,DC,District of Columbia,29-1063,"Internists, General",detailed,1270,3.9,1.814,5.62,55.11,114620,9.4,25.2,27.23,30.61,78.9,#,52420,56640,63670,164100,#,,
11,DC,District of Columbia,29-1064,Obstetricians and Gynecologists,detailed,130,9.3,0.182,1.29,76.57,159270,11.3,18.34,27.41,67.72,#,#,38150,57010,140860,#,#,,
11,DC,District of Columbia,29-1065,"Pediatricians, General",detailed,340,2.1,0.482,2.51,56.3,117100,5.9,27.17,31.25,51.27,73.02,93.09,56510,65010,106650,151880,193620,,
11,DC,District of Columbia,29-1066,Psychiatrists,detailed,230,3.1,0.331,1.87,61.76,128460,7.2,22.81,27.64,56.93,91.7,#,47450,57490,118420,190730,#,,
11,DC,District of Columbia,29-1067,Surgeons,detailed,360,4.6,0.512,1.75,85.04,176880,11.6,26.7,29.29,77.55,#,#,55530,60920,161300,#,#,,
11,DC,District of Columbia,29-1069,"Physicians and Surgeons, All Other",detailed,2150,4.1,3.056,1.27,84.02,174760,7.5,27.71,34.34,82.86,#,#,57630,71430,172340,#,#,,
11,DC,District of Columbia,29-1071,Physician Assistants,detailed,410,12.4,0.586,0.79,47.77,99370,2.2,27.3,40.69,49.83,58.4,64.04,56770,84640,103640,121470,133200,,
11,DC,District of Columbia,29-1081,Podiatrists,detailed,60,35.4,0.086,1.24,67.55,140490,18.7,39.37,46.15,57.98,74.72,#,81890,95990,120600,155410,#,,
11,DC,District of Columbia,29-1122,Occupational Therapists,detailed,430,13.5,0.613,0.73,42.81,89040,2.5,31.08,34.94,41.31,48.47,59.03,64640,72670,85930,100820,122780,,
11,DC,District of Columbia,29-1123,Physical Therapists,detailed,670,8,0.955,0.62,40.7,84660,2.3,27.81,33.67,39.63,47.94,57.29,57850,70040,82420,99720,119170,,
11,DC,District of Columbia,29-1124,Radiation Therapists,detailed,120,0,0.175,1.41,38.61,80310,1.8,27.41,31.83,37.02,44.27,49.75,57020,66200,77010,92080,103470,,
11,DC,District of Columbia,29-1125,Recreational Therapists,detailed,200,25.5,0.29,2.25,25.34,52720,8,13.95,18.4,25.68,30.98,37.41,29020,38270,53420,64440,77810,,
11,DC,District of Columbia,29-1126,Respiratory Therapists,detailed,380,1.2,0.536,0.59,34.01,70740,4.2,23.26,26.77,33.58,39.36,47.06,48370,55690,69850,81860,97880,,
11,DC,District of Columbia,29-1127,Speech-Language Pathologists,detailed,380,13.4,0.536,0.55,44.32,92190,7.4,26.62,32.95,42.09,55.67,69.38,55360,68540,87550,115800,144320,,
11,DC,District of Columbia,29-1131,Veterinarians,detailed,110,29,0.163,0.34,57.41,119400,19.5,23.9,39.76,46.93,67.71,#,49710,82700,97610,140840,#,,
11,DC,District of Columbia,29-1141,Registered Nurses,detailed,10320,2.7,14.699,0.72,38.7,80500,1.5,26.87,31.03,38.47,45.96,50.88,55890,64540,80010,95600,105820,,
11,DC,District of Columbia,29-1151,Nurse Anesthetists,detailed,110,0,0.16,0.56,83.86,174420,4,65.56,70.12,77.72,92.47,#,136360,145840,161650,192330,#,,
11,DC,District of Columbia,29-1171,Nurse Practitioners,detailed,560,3.6,0.804,0.75,50.71,105480,1.7,40.68,44.3,50.22,57.6,62.75,84610,92130,104450,119810,130520,,
11,DC,District of Columbia,29-1181,Audiologists,detailed,100,15.3,0.143,1.63,50.6,105250,2.5,32.65,37.43,51.07,63.72,73.45,67910,77850,106230,132530,152780,,
11,DC,District of Columbia,29-1199,"Health Diagnosing and Treating Practitioners, All Other",detailed,440,7.3,0.624,2.42,55.23,114880,3,32.7,43.08,55.84,66.31,75.95,68010,89610,116140,137930,157970,,
11,DC,District of Columbia,29-2011,Medical and Clinical Laboratory Technologists,detailed,750,5.2,1.065,0.9,32.6,67810,1.2,22.23,26.78,32.18,37.9,44.41,46230,55700,66930,78830,92360,,
11,DC,District of Columbia,29-2012,Medical and Clinical Laboratory Technicians,detailed,480,15.6,0.69,0.6,22.74,47310,2.6,16.02,17.38,19.93,27.26,34.33,33320,36140,41450,56700,71410,,
11,DC,District of Columbia,29-2021,Dental Hygienists,detailed,390,8.8,0.558,0.38,*,*,*,*,*,*,*,*,*,*,*,*,*,,
11,DC,District of Columbia,29-2031,Cardiovascular Technologists and Technicians,detailed,140,5.4,0.203,0.53,38.05,79150,3.1,20.91,28.81,36.56,44.22,49.87,43490,59920,76040,91980,103720,,
11,DC,District of Columbia,29-2032,Diagnostic Medical Sonographers,detailed,150,16.4,0.209,0.45,42.1,87570,1.7,33.01,37.24,42.73,47.28,50.35,68650,77470,88880,98350,104740,,
11,DC,District of Columbia,29-2033,Nuclear Medicine Technologists,detailed,50,7.4,0.065,0.46,42.5,88400,2.2,32.18,36.1,42.25,48.78,56.65,66940,75080,87880,101470,117840,,
11,DC,District of Columbia,29-2034,Radiologic Technologists,detailed,550,9.2,0.78,0.55,36.67,76270,1.3,26.45,31.68,36.74,43.15,48.18,55010,65900,76420,89750,100210,,
11,DC,District of Columbia,29-2035,Magnetic Resonance Imaging Technologists,detailed,80,8.2,0.117,0.46,41.68,86690,2.5,32.01,36.42,42.33,47.34,50.7,66580,75760,88050,98470,105460,,
11,DC,District of Columbia,29-2041,Emergency Medical Technicians and Paramedics,detailed,1440,7.8,2.053,1.18,27.84,57900,4.7,16.33,22.64,28.74,31.92,35.18,33980,47090,59790,66380,73170,,
11,DC,District of Columbia,29-2051,Dietetic Technicians,detailed,70,2.8,0.105,0.46,15.04,31290,3.9,11.09,12.02,14.64,17.43,19.12,23070,25000,30450,36260,39770,,
11,DC,District of Columbia,29-2052,Pharmacy Technicians,detailed,950,9.4,1.36,0.48,17.32,36020,3.1,11.32,12.78,16.93,21.3,23.91,23540,26590,35200,44310,49740,,
11,DC,District of Columbia,29-2053,Psychiatric Technicians,detailed,130,16.8,0.186,0.42,18.99,39490,3.7,14.16,15.79,17.7,21.39,27.72,29450,32840,36820,44500,57650,,
11,DC,District of Columbia,29-2054,Respiratory Therapy Technicians,detailed,140,11.6,0.197,2.61,34.21,71150,3,24.4,32.09,35.48,38.86,43.82,50760,66750,73790,80820,91150,,
11,DC,District of Columbia,29-2055,Surgical Technologists,detailed,280,0.8,0.396,0.53,26.56,55240,3.3,14.88,21.33,27.57,31.97,36.68,30950,44360,57340,66500,76300,,
11,DC,District of Columbia,29-2056,Veterinary Technologists and Technicians,detailed,120,28.2,0.17,0.24,15.69,32630,6.8,10.51,11.89,15.62,18.69,21.96,21860,24720,32490,38880,45680,,
11,DC,District of Columbia,29-2061,Licensed Practical and Licensed Vocational Nurses,detailed,1720,11.4,2.452,0.49,26.54,55200,1.7,20.56,22.65,25.84,29.15,34.04,42770,47120,53740,60640,70800,,
11,DC,District of Columbia,29-2071,Medical Records and Health Information Technicians,detailed,510,10.9,0.722,0.51,*,*,*,*,*,*,*,*,*,*,*,*,*,,
11,DC,District of Columbia,29-2081,"Opticians, Dispensing",detailed,290,35.1,0.415,0.77,19,39520,6.4,11.95,13.64,19.84,23.2,27.1,24860,28370,41280,48260,56360,,
11,DC,District of Columbia,29-2099,"Health Technologists and Technicians, All Other",detailed,440,17.6,0.628,0.72,24.79,51570,4.6,12.2,16.03,20.71,32.84,43.56,25370,33340,43070,68310,90610,,
11,DC,District of Columbia,29-9011,Occupational Health and Safety Specialists,detailed,410,8.8,0.586,1.07,44.24,92030,3.2,27.46,32.37,42.61,51.39,62.65,57110,67320,88620,106890,130310,,
11,DC,District of Columbia,29-9012,Occupational Health and Safety Technicians,detailed,50,3.5,0.078,0.66,36.34,75590,7.6,14.09,21.4,37.51,48.7,60.05,29310,44520,78030,101290,124910,,
11,DC,District of Columbia,29-9091,Athletic Trainers,detailed,70,17,0.103,0.6,*,67500,8.2,*,*,*,*,*,39400,45000,58490,91720,101400,True,
11,DC,District of Columbia,29-9099,"Healthcare Practitioners and Technical Workers, All Other",detailed,100,8.2,0.143,0.56,37.76,78530,7.9,15.32,19.48,41.29,50.39,61.08,31870,40510,85880,104810,127040,,
11,DC,District of Columbia,31-0000,Healthcare Support Occupations,major,11930,4.8,16.979,0.59,16.03,33330,2.2,11.69,12.95,14.58,18.08,22.8,24320,26930,30320,37610,47430,,
11,DC,District of Columbia,31-1011,Home Health Aides,detailed,4910,9.8,6.991,1.21,13.33,27730,1.7,11.3,12.44,13.4,14.36,14.94,23500,25880,27880,29870,31080,,
11,DC,District of Columbia,31-1013,Psychiatric Aides,detailed,270,36.7,0.384,0.8,12.59,26190,3.6,10.51,10.72,12,14.08,15.4,21850,22290,24960,29300,32030,,
11,DC,District of Columbia,31-1014,Nursing Assistants,detailed,2970,11.9,4.234,0.41,16.05,33380,1.9,11.7,13.38,15.87,18.4,20.92,24330,27830,33020,38280,43510,,
11,DC,District of Columbia,31-1015,Orderlies,detailed,190,1,0.269,0.71,14.69,30560,1.8,11.65,12.92,14.25,15.89,18.73,24230,26870,29640,33050,38960,,
11,DC,District of Columbia,31-2011,Occupational Therapy Assistants,detailed,40,14.3,0.056,0.21,27.15,56460,6.8,15.36,21.21,28.08,33.99,37.77,31960,44110,58410,70710,78570,,
11,DC,District of Columbia,31-2012,Occupational Therapy Aides,detailed,60,25.3,0.084,1.63,19.25,40030,6.1,11.34,13.31,17.41,23.76,30.81,23580,27680,36220,49420,64080,,
11,DC,District of Columbia,31-2021,Physical Therapist Assistants,detailed,150,14.1,0.207,0.34,22.41,46610,7.6,14.49,16.44,18.88,28.02,35.51,30140,34200,39280,58290,73860,,
11,DC,District of Columbia,31-2022,Physical Therapist Aides,detailed,80,8.2,0.116,0.33,17.52,36440,5.8,12.71,13.7,15.54,18.17,22.32,26440,28500,32320,37790,46430,,
11,DC,District of Columbia,31-9091,Dental Assistants,detailed,650,16.4,0.927,0.4,21.72,45180,7,13.74,15.65,21.02,27.19,30.75,28580,32540,43720,56550,63960,,
11,DC,District of Columbia,31-9092,Medical Assistants,detailed,1640,9.7,2.328,0.52,18.99,39500,2.1,13.42,16.08,18.56,22.21,24.7,27920,33450,38610,46190,51370,,
11,DC,District of Columbia,31-9093,Medical Equipment Preparers,detailed,260,20,0.375,1,20.06,41710,1.1,14.11,16.37,18.94,22.71,27.07,29360,34050,39400,47230,56300,,
11,DC,District of Columbia,31-9094,Medical Transcriptionists,detailed,40,38,0.051,0.13,23.19,48230,6.8,14.28,19.72,24.04,28.3,30.49,29700,41010,49990,58870,63420,,
11,DC,District of Columbia,31-9096,Veterinary Assistants and Laboratory Animal Caretakers,detailed,**,**,**,**,13.6,28290,6.1,10.5,10.79,13.05,14.59,16.4,21850,22440,27140,30350,34100,,
11,DC,District of Columbia,31-9097,Phlebotomists,detailed,270,9.3,0.382,0.44,19.52,40600,2,15.62,16.97,19.23,22.2,24.04,32480,35300,40000,46180,50010,,
11,DC,District of Columbia,31-9099,"Healthcare Support Workers, All Other",detailed,210,23.2,0.302,0.45,22.84,47520,4.3,13.21,15.18,21.3,25.91,36.23,27470,31570,44300,53890,75360,,
11,DC,District of Columbia,33-0000,Protective Service Occupations,major,29170,2.4,41.534,1.72,29.34,61030,10.2,13.77,17.88,26.37,35.73,49.98,28630,37180,54840,74320,103960,,
11,DC,District of Columbia,33-1011,First-Line Supervisors of Correctional Officers,detailed,50,21.3,0.071,0.23,35.24,73300,5.9,25.67,30.01,36.48,39.1,42.13,53390,62430,75870,81330,87630,,
11,DC,District of Columbia,33-1099,"First-Line Supervisors of Protective Service Workers, All Other",detailed,940,5.1,1.331,2.56,25.97,54020,4.1,13.18,19.95,26.18,30.4,37.27,27420,41490,54460,63230,77520,,
11,DC,District of Columbia,33-3012,Correctional Officers and Jailers,detailed,1110,25,1.578,0.51,24.15,50240,2.3,16.32,18.16,23.86,28.9,31.77,33940,37770,49640,60110,66080,,
11,DC,District of Columbia,33-3021,Detectives and Criminal Investigators,detailed,2790,0,3.969,5.31,58.22,121100,3.2,37.53,46.56,62.76,66.46,76.34,78060,96850,130540,138230,158790,,
11,DC,District of Columbia,33-3041,Parking Enforcement Workers,detailed,**,**,**,**,24.15,50230,3.6,18.78,21.5,25.6,26.31,28.18,39070,44730,53260,54720,58610,,
11,DC,District of Columbia,33-3051,Police and Sheriff's Patrol Officers,detailed,5250,0,7.47,1.59,35.22,73250,2,26.34,29.26,35.04,40.57,43.32,54790,60870,72870,84390,90110,,
11,DC,District of Columbia,33-9021,Private Detectives and Investigators,detailed,100,33.5,0.139,0.68,35.94,74760,11.2,17.94,22.03,29.66,44.1,66.47,37320,45820,61690,91730,138250,,
11,DC,District of Columbia,33-9032,Security Guards,detailed,15140,4.2,21.561,2.74,20.85,43370,3.7,12.2,15.1,20.55,26.73,29.8,25370,31410,42740,55600,61970,,
11,DC,District of Columbia,33-9091,Crossing Guards,detailed,250,16,0.356,0.69,15.73,32710,3.5,13.16,14.44,15.95,16.94,17.95,27360,30040,33170,35240,37330,,
11,DC,District of Columbia,33-9092,"Lifeguards, Ski Patrol, and Other Recreational Protective Service Workers",detailed,220,7.5,0.312,0.3,15.67,32590,4.8,10.85,12,16.38,18.1,20.81,22570,24970,34060,37640,43290,,
11,DC,District of Columbia,33-9093,Transportation Security Screeners,detailed,80,0,0.116,0.38,*,*,*,*,*,*,*,*,*,*,*,*,*,,
11,DC,District of Columbia,33-9099,"Protective Service Workers, All Other",detailed,970,8.3,1.385,1.44,20.56,42770,5.8,16.77,17.35,18.09,20.2,31.68,34880,36090,37620,42010,65900,,
11,DC,District of Columbia,35-0000,Food Preparation and Serving Related Occupations,major,55670,3,79.253,0.86,14.81,30800,1.7,10.5,10.51,11.78,15.5,21.86,21850,21860,24490,32240,45480,,
11,DC,District of Columbia,35-1011,Chefs and Head Cooks,detailed,1170,15.6,1.666,1.74,29.71,61800,4.2,16.45,18.59,27.4,37.71,46.9,34210,38670,56990,78440,97550,,
11,DC,District of Columbia,35-1012,First-Line Supervisors of Food Preparation and Serving Workers,detailed,3710,6,5.279,0.82,22.69,47200,6.2,12.39,13.92,17.91,24.52,30.76,25760,28950,37250,51010,63980,,
11,DC,District of Columbia,35-2011,"Cooks, Fast Food",detailed,2030,21.5,2.893,0.79,12.08,25130,7.7,10.5,10.51,10.67,11.47,12.55,21850,21850,22200,23850,26110,,
11,DC,District of Columbia,35-2012,"Cooks, Institution and Cafeteria",detailed,1620,10.8,2.299,0.79,16.51,34340,1.6,12.25,13.55,15.72,18.44,22.13,25470,28180,32710,38360,46030,,
11,DC,District of Columbia,35-2014,"Cooks, Restaurant",detailed,6200,8.5,8.821,1.02,14.26,29660,2.3,10.7,11.38,12.91,16.2,20.22,22260,23670,26860,33700,42050,,
11,DC,District of Columbia,35-2015,"Cooks, Short Order",detailed,350,34.3,0.505,0.39,14.25,29640,5.3,10.92,11.73,13.52,15.19,18.13,22720,24400,28110,31590,37720,,
11,DC,District of Columbia,35-2021,Food Preparation Workers,detailed,3430,9.7,4.877,0.8,13.45,27970,1.8,10.51,10.9,11.72,15.19,19.16,21860,22660,24380,31600,39860,,
11,DC,District of Columbia,35-3011,Bartenders,detailed,4310,10.5,6.138,1.43,16.74,34820,5.4,10.5,10.51,12.98,18.54,26.76,21850,21860,27000,38570,55650,,
11,DC,District of Columbia,35-3021,"Combined Food Preparation and Serving Workers, Including Fast Food",detailed,8750,8.9,12.462,0.51,12.3,25590,2.4,10.5,10.51,11.26,12.78,15.4,21850,21860,23430,26580,32040,,
11,DC,District of Columbia,35-3022,"Counter Attendants, Cafeteria, Food Concession, and Coffee Shop",detailed,1680,38.1,2.397,0.67,13.51,28090,2.9,10.69,11.09,11.78,15.13,18.58,22220,23070,24490,31460,38650,,
11,DC,District of Columbia,35-3031,Waiters and Waitresses,detailed,8720,7.5,12.413,0.68,14.89,30970,4.9,10.5,10.51,10.58,12.07,22,21840,21850,22010,25100,45750,,
11,DC,District of Columbia,35-3041,"Food Servers, Nonrestaurant",detailed,1650,13.7,2.349,1.26,15.65,32540,2.8,10.51,10.78,13.24,17.69,23.95,21850,22430,27540,36800,49810,,
11,DC,District of Columbia,35-9011,Dining Room and Cafeteria Attendants and Bartender Helpers,detailed,4730,10.7,6.732,2.23,13.44,27960,2.4,10.5,10.51,11.26,15.25,19.39,21850,21850,23430,31720,40330,,
11,DC,District of Columbia,35-9021,Dishwashers,detailed,4330,8.9,6.167,1.71,12.76,26540,1.8,10.51,10.69,11.54,13.6,17.62,21850,22230,24010,28290,36660,,
11,DC,District of Columbia,35-9031,"Hosts and Hostesses, Restaurant, Lounge, and Coffee Shop",detailed,2560,10.4,3.645,1.27,12.45,25890,2,10.5,10.51,11.76,13.65,14.97,21850,21860,24450,28390,31130,,
11,DC,District of Columbia,35-9099,"Food Preparation and Serving Related Workers, All Other",detailed,**,**,**,**,13.28,27620,5.4,10.5,10.51,10.78,15.29,19.19,21840,21850,22420,31800,39920,,
11,DC,District of Columbia,37-0000,Building and Grounds Cleaning and Maintenance Occupations,major,21530,3.8,30.651,0.97,15.35,31940,1.5,10.9,11.98,14.25,17.66,21.62,22670,24920,29640,36730,44970,,
11,DC,District of Columbia,37-1011,First-Line Supervisors of Housekeeping and Janitorial Workers,detailed,1370,6.6,1.954,1.7,21.2,44110,3,13.78,16.16,19.05,24.55,30.87,28650,33610,39620,51060,64200,,
11,DC,District of Columbia,37-1012,"First-Line Supervisors of Landscaping, Lawn Service, and Groundskeeping Workers",detailed,60,11.6,0.087,0.12,31.19,64870,7,19.42,25.02,32.81,36.8,39.49,40390,52030,68240,76530,82130,,
11,DC,District of Columbia,37-2011,"Janitors and Cleaners, Except Maids and Housekeeping Cleaners",detailed,15030,4.4,21.402,1.39,14.12,29380,1.5,10.84,11.64,13.43,15.63,18.56,22550,24200,27920,32520,38610,,
11,DC,District of Columbia,37-2012,Maids and Housekeeping Cleaners,detailed,4250,10.7,6.045,0.92,16.72,34780,2.2,10.6,13.46,16.84,19.74,22.62,22040,28000,35040,41050,47060,,
11,DC,District of Columbia,37-2021,Pest Control Workers,detailed,30,19.2,0.046,0.09,24.34,50630,3.2,16.56,18.93,26.02,29.96,31.37,34450,39380,54110,62310,65260,,
11,DC,District of Columbia,37-3011,Landscaping and Groundskeeping Workers,detailed,660,17.2,0.937,0.15,18.92,39360,3.4,12.39,14.3,17.72,23.53,27.49,25770,29750,36860,48950,57180,,
11,DC,District of Columbia,37-3013,Tree Trimmers and Pruners,detailed,30,30.1,0.049,0.17,26.64,55410,4,20.76,25.03,28.86,29.12,30.33,43180,52070,60030,60560,63090,,
11,DC,District of Columbia,37-3019,"Grounds Maintenance Workers, All Other",detailed,60,48.2,0.082,0.76,23.09,48030,3.7,15.5,17.02,21,29.4,35.07,32230,35400,43680,61150,72950,,
11,DC,District of Columbia,39-0000,Personal Care and Service Occupations,major,15290,5.1,21.774,0.68,16.44,34190,2.5,10.51,11.45,13.68,17.49,24.9,21860,23810,28460,36370,51800,,
11,DC,District of Columbia,39-1021,First-Line Supervisors of Personal Service Workers,detailed,350,13.7,0.494,0.36,27.03,56230,7.5,12.88,16.47,22.63,33.49,46.35,26790,34270,47060,69650,96410,,
11,DC,District of Columbia,39-2021,Nonfarm Animal Caretakers,detailed,410,31.5,0.588,0.44,15.49,32220,4.4,11,12.48,15.24,17.98,21.04,22870,25970,31690,37390,43750,,
11,DC,District of Columbia,39-3091,Amusement and Recreation Attendants,detailed,210,48.3,0.295,0.14,12.79,26600,4.1,10.73,11.06,11.6,13.09,17.78,22320,23000,24130,27230,36990,,
11,DC,District of Columbia,39-3092,Costume Attendants,detailed,70,31.1,0.106,2.23,18.3,38070,5.6,10.51,11.46,18.17,22.98,26.46,21850,23850,37800,47800,55040,,
11,DC,District of Columbia,39-3093,"Locker Room, Coatroom, and Dressing Room Attendants",detailed,40,22.4,0.064,0.5,13.9,28910,13.7,10.51,10.8,12.07,16.18,20.35,21850,22450,25110,33660,42340,,
11,DC,District of Columbia,39-5011,Barbers,detailed,**,**,**,**,17.35,36090,3.8,12.59,13.86,17.19,20.92,22.94,26190,28830,35740,43510,47710,,
11,DC,District of Columbia,39-5012,"Hairdressers, Hairstylists, and Cosmetologists",detailed,1150,9.8,1.643,0.65,20.98,43630,11.9,10.5,10.51,14.22,24.99,42.14,21850,21860,29590,51980,87640,,
11,DC,District of Columbia,39-5091,"Makeup Artists, Theatrical and Performance",detailed,70,39.3,0.095,3.68,41.2,85690,15.3,12.48,15.4,44.64,63.01,73.93,25950,32040,92850,131060,153770,,
11,DC,District of Columbia,39-5092,Manicurists and Pedicurists,detailed,50,35,0.07,0.11,14.72,30620,11.5,10.51,11.54,14.27,17.4,19.57,21850,24010,29680,36200,40700,,
11,DC,District of Columbia,39-5093,Shampooers,detailed,120,21.8,0.178,1.64,12.61,26220,7.7,10.5,10.51,10.81,14.25,17.17,21840,21850,22480,29640,35700,,
11,DC,District of Columbia,39-5094,Skincare Specialists,detailed,**,**,**,**,16.37,34040,24,10.5,10.66,15.75,20.53,26.71,21850,22160,32770,42710,55560,,
11,DC,District of Columbia,39-6011,Baggage Porters and Bellhops,detailed,670,11.4,0.947,2.97,15.05,31310,7.1,10.54,11.11,12.24,17.61,24.54,21920,23100,25470,36630,51040,,
11,DC,District of Columbia,39-6012,Concierges,detailed,780,6.6,1.109,4.86,15.72,32690,6.1,10.5,10.51,15.65,19.28,22.65,21850,21860,32550,40100,47120,,
11,DC,District of Columbia,39-7011,Tour Guides and Escorts,detailed,500,10.9,0.708,2.57,16.14,33580,6.4,10.95,11.64,15.39,18.01,24.75,22780,24220,32010,37470,51470,,
11,DC,District of Columbia,39-7012,Travel Guides,detailed,50,30.3,0.069,3.19,26.39,54890,3.7,16.31,21.19,25.92,32.56,37.08,33930,44080,53920,67720,77120,,
11,DC,District of Columbia,39-9011,Childcare Workers,detailed,1750,16,2.492,0.61,14.16,29450,5.1,10.5,10.51,11.89,17.03,19.86,21850,21860,24730,35420,41300,,
11,DC,District of Columbia,39-9021,Personal Care Aides,detailed,5260,11.2,7.495,0.71,13.34,27740,1.9,10.91,11.96,13.22,14.54,15.75,22690,24880,27490,30250,32760,,
11,DC,District of Columbia,39-9031,Fitness Trainers and Aerobics Instructors,detailed,1080,26.6,1.533,0.84,27.75,57720,8.1,10.51,12.54,23.88,38.33,53.85,21860,26070,49670,79730,112000,,
11,DC,District of Columbia,39-9032,Recreation Workers,detailed,580,10.3,0.82,0.34,23.77,49440,3.8,15.25,17.54,22.2,28.25,36.19,31710,36480,46180,58760,75280,,
11,DC,District of Columbia,39-9041,Residential Advisors,detailed,920,11.1,1.312,1.67,15.33,31880,3.5,10.51,12.43,14.34,17.16,20.88,21860,25860,29830,35700,43430,,
11,DC,District of Columbia,39-9099,"Personal Care and Service Workers, All Other",detailed,70,48.7,0.106,0.27,13.27,27590,5.7,10.51,10.84,11.43,12.36,15.41,21860,22550,23780,25710,32050,,
11,DC,District of Columbia,41-0000,Sales and Related Occupations,major,27140,3.7,38.637,0.37,22.64,47090,3.2,10.61,11.42,14.81,26.77,43.69,22060,23760,30810,55690,90870,,
11,DC,District of Columbia,41-1011,First-Line Supervisors of Retail Sales Workers,detailed,1580,8.8,2.248,0.26,24.69,51350,3.1,14.06,18.05,22.37,29.24,38.96,29240,37540,46530,60820,81050,,
11,DC,District of Columbia,41-1012,First-Line Supervisors of Non-Retail Sales Workers,detailed,420,8.8,0.603,0.33,39.36,81870,4.4,15.34,20.6,34.89,55.39,68.82,31910,42840,72580,115200,143150,,
11,DC,District of Columbia,41-2011,Cashiers,detailed,9270,7.6,13.2,0.52,12.38,25740,1.3,10.51,10.77,11.47,12.52,16.17,21850,22400,23860,26040,33630,,
11,DC,District of Columbia,41-2021,Counter and Rental Clerks,detailed,510,16,0.721,0.22,15.69,32630,3.2,10.9,11.67,15.47,18.28,21.89,22670,24280,32180,38020,45530,,
11,DC,District of Columbia,41-2031,Retail Salespersons,detailed,6500,8,9.248,0.29,16.94,35220,3.7,10.71,11.42,13.23,18.65,30.32,22270,23750,27520,38790,63060,,
11,DC,District of Columbia,41-3011,Advertising Sales Agents,detailed,730,15.9,1.038,1.03,34.84,72470,8,15.01,19.62,26.86,39.08,63.78,31220,40810,55880,81280,132670,,
11,DC,District of Columbia,41-3021,Insurance Sales Agents,detailed,260,47.8,0.366,0.13,29.11,60540,12.1,16.16,17.45,19.62,36.59,49.61,33610,36300,40810,76120,103200,,
11,DC,District of Columbia,41-3031,"Securities, Commodities, and Financial Services Sales Agents",detailed,1410,17.5,2.009,0.8,44.92,93420,6.7,14.89,22.34,32.29,57.88,91.37,30960,46470,67160,120380,190060,,
11,DC,District of Columbia,41-3041,Travel Agents,detailed,420,7.7,0.594,1.21,24.62,51210,12.5,13.56,16.48,22.58,29.61,39.99,28200,34280,46960,61590,83170,,
11,DC,District of Columbia,41-3099,"Sales Representatives, Services, All Other",detailed,3010,7.2,4.284,0.63,35.28,73390,5.9,13.62,20.62,30.92,41.53,52.19,28320,42890,64320,86390,108560,,
11,DC,District of Columbia,41-4011,"Sales Representatives, Wholesale and Manufacturing, Technical and Scientific Products",detailed,500,15.9,0.714,0.31,43.86,91230,9.2,18.33,24.52,36.29,53.03,80.77,38130,51000,75490,110300,168000,,
11,DC,District of Columbia,41-4012,"Sales Representatives, Wholesale and Manufacturing, Except Technical and Scientific Products",detailed,980,13,1.389,0.14,35.6,74060,7.1,11.64,22.41,33.57,43.74,52.2,24200,46600,69840,90980,108580,,
11,DC,District of Columbia,41-9011,Demonstrators and Product Promoters,detailed,60,24.6,0.089,0.14,17.6,36600,10.1,11.13,12.64,16.46,20.29,24.94,23150,26300,34240,42210,51870,,
11,DC,District of Columbia,41-9021,Real Estate Brokers,detailed,200,21.6,0.279,0.96,59.95,124710,18.1,16.75,26.42,45.01,81.35,#,34830,54960,93620,169210,#,,
11,DC,District of Columbia,41-9022,Real Estate Sales Agents,detailed,640,15.6,0.918,0.85,33.8,70300,9.4,10.51,17.43,32.11,47.61,57.59,21860,36250,66790,99030,119790,,
11,DC,District of Columbia,41-9031,Sales Engineers,detailed,**,**,**,**,56.25,117010,9.8,33.75,39.78,50.1,73.82,88.91,70190,82750,104200,153550,184940,,
11,DC,District of Columbia,41-9041,Telemarketers,detailed,230,34.3,0.33,0.22,13.36,27790,5.9,10.5,10.59,11.81,14.81,18.41,21850,22020,24570,30810,38300,,
11,DC,District of Columbia,41-9099,"Sales and Related Workers, All Other",detailed,110,27.6,0.154,0.27,23.49,48860,17.4,10.51,11.08,16.7,31.57,47.91,21850,23040,34730,65660,99640,,
11,DC,District of Columbia,43-0000,Office and Administrative Support Occupations,major,80670,1.8,114.852,0.73,24.83,51650,0.8,12.92,16.96,22.86,29.84,39.05,26870,35270,47550,62070,81230,,
11,DC,District of Columbia,43-1011,First-Line Supervisors of Office and Administrative Support Workers,detailed,5180,3.5,7.372,0.72,39.65,82470,2.7,21.25,26.89,35.23,46.73,64.6,44190,55930,73280,97190,134370,,
11,DC,District of Columbia,43-2011,"Switchboard Operators, Including Answering Service",detailed,300,18.1,0.43,0.66,19.1,39730,3.3,12.25,16.05,18.72,22.04,24.83,25480,33380,38930,45840,51640,,
11,DC,District of Columbia,43-2021,Telephone Operators,detailed,50,28.5,0.072,1.14,20.36,42340,5.1,13.64,15.88,20.09,23.92,28.17,28360,33020,41790,49760,58590,,
11,DC,District of Columbia,43-3011,Bill and Account Collectors,detailed,200,12.1,0.289,0.14,29.45,61250,2.8,19.94,22.56,27.72,35.01,43.77,41470,46930,57650,72830,91040,,
11,DC,District of Columbia,43-3021,Billing and Posting Clerks,detailed,840,9.2,1.202,0.35,27.82,57870,3.5,15.88,20.82,27.34,35.04,39.4,33040,43300,56870,72890,81950,,
11,DC,District of Columbia,43-3031,"Bookkeeping, Accounting, and Auditing Clerks",detailed,3840,5.3,5.467,0.49,26.84,55820,1.9,16.81,21.26,26.45,31.81,37.82,34970,44230,55010,66160,78670,,
11,DC,District of Columbia,43-3051,Payroll and Timekeeping Clerks,detailed,500,9.4,0.711,0.63,29.21,60750,3.2,14.3,22.69,28.78,35.11,43.14,29750,47190,59860,73020,89730,,
11,DC,District of Columbia,43-3061,Procurement Clerks,detailed,300,3.2,0.432,0.84,27.18,56540,2.9,19.67,22.32,25.99,30.04,36.89,40910,46430,54070,62480,76740,,
11,DC,District of Columbia,43-3071,Tellers,detailed,940,8.8,1.334,0.38,16.09,33470,3.4,12.02,13.26,15.17,18.77,22.16,25000,27580,31560,39040,46100,,
11,DC,District of Columbia,43-3099,"Financial Clerks, All Other",detailed,40,34,0.062,0.25,24.49,50940,8.2,14.83,19.33,23.27,28.09,31.73,30840,40210,48400,58430,66000,,
11,DC,District of Columbia,43-4011,Brokerage Clerks,detailed,130,28.6,0.186,0.44,27.16,56500,3.3,20.31,22.54,26.17,29.73,38.73,42230,46890,54440,61840,80560,,
11,DC,District of Columbia,43-4051,Customer Service Representatives,detailed,6150,6.9,8.749,0.45,22.52,46850,1.7,12.24,15.73,20.82,27,33.82,25470,32720,43300,56170,70350,,
11,DC,District of Columbia,43-4061,"Eligibility Interviewers, Government Programs",detailed,660,1.5,0.939,0.97,27.49,57180,2.3,18.08,22.9,27.39,31.26,36.48,37610,47630,56970,65020,75880,,
11,DC,District of Columbia,43-4071,File Clerks,detailed,590,8.7,0.838,0.9,21.85,45450,2.1,14.64,17.47,21.55,26.14,29.71,30450,36330,44830,54370,61790,,
11,DC,District of Columbia,43-4081,"Hotel, Motel, and Resort Desk Clerks",detailed,1120,11.7,1.592,0.9,16.49,34300,1.9,12.18,13.45,16.04,18.8,22.16,25330,27970,33370,39110,46100,,
11,DC,District of Columbia,43-4111,"Interviewers, Except Eligibility and Loan",detailed,230,16.1,0.331,0.25,18.98,39470,3.7,12.23,15.45,18.08,21.85,26.55,25440,32150,37600,45440,55220,,
11,DC,District of Columbia,43-4121,"Library Assistants, Clerical",detailed,400,5.1,0.574,0.82,18.32,38110,7,11,11.71,16.8,23,28.47,22870,24350,34950,47840,59220,,
11,DC,District of Columbia,43-4131,Loan Interviewers and Clerks,detailed,200,31,0.289,0.18,22.71,47230,4,11.92,17.04,23.09,28.17,32.72,24800,35440,48030,58600,68050,,
11,DC,District of Columbia,43-4151,Order Clerks,detailed,60,16.4,0.091,0.07,17.64,36690,5.6,10.51,13.33,17.09,21.53,24.92,21860,27730,35550,44770,51840,,
11,DC,District of Columbia,43-4161,"Human Resources Assistants, Except Payroll and Timekeeping",detailed,810,8.3,1.157,1.18,25.27,52550,1.9,18.71,21.37,25.2,28.36,31.76,38910,44450,52420,59000,66060,,
11,DC,District of Columbia,43-4171,Receptionists and Information Clerks,detailed,4370,10.3,6.228,0.88,16.96,35270,1.8,11.22,12.65,16.14,19.84,24.16,23350,26300,33570,41260,50250,,
11,DC,District of Columbia,43-4181,Reservation and Transportation Ticket Agents and Travel Clerks,detailed,320,9.7,0.455,0.44,23.99,49900,4.5,14.46,18.14,23.32,28.99,35.6,30090,37720,48510,60290,74050,,
11,DC,District of Columbia,43-4199,"Information and Record Clerks, All Other",detailed,2830,1.3,4.036,3.4,26.39,54900,2.7,18.78,22.41,26.54,30.23,33.4,39070,46610,55210,62880,69470,,
11,DC,District of Columbia,43-5011,Cargo and Freight Agents,detailed,80,28.7,0.113,0.18,18.34,38150,7.3,12.79,13.82,15.49,22.37,28.6,26600,28740,32220,46520,59500,,
11,DC,District of Columbia,43-5021,Couriers and Messengers,detailed,500,38.5,0.706,1.34,16.17,33640,6.6,10.78,11.43,14.09,21.29,23.95,22430,23770,29300,44280,49810,,
11,DC,District of Columbia,43-5031,"Police, Fire, and Ambulance Dispatchers",detailed,150,7.8,0.212,0.31,29.35,61050,7.5,17.1,22.87,33.7,36.01,36.02,35570,47560,70100,74910,74920,,
11,DC,District of Columbia,43-5032,"Dispatchers, Except Police, Fire, and Ambulance",detailed,310,7.5,0.448,0.32,20.76,43180,5.5,13.27,15.13,20.11,25.9,29.22,27600,31480,41820,53870,60780,,
11,DC,District of Columbia,43-5051,Postal Service Clerks,detailed,150,0,0.219,0.38,25.03,52060,*,18.39,19.87,27.31,27.87,27.88,38260,41320,56790,57970,57980,,
11,DC,District of Columbia,43-5052,Postal Service Mail Carriers,detailed,1080,0,1.532,0.65,24.31,50550,*,16.07,17.7,28.77,28.78,28.78,33420,36810,59840,59850,59860,,
11,DC,District of Columbia,43-5053,"Postal Service Mail Sorters, Processors, and Processing Machine Operators",detailed,630,0,0.901,1.14,24.49,50930,*,15.63,25.63,27.3,27.31,27.87,32520,53310,56790,56800,57970,,
11,DC,District of Columbia,43-5061,"Production, Planning, and Expediting Clerks",detailed,890,6.1,1.263,0.55,29.09,60510,2,20.08,22.95,27.87,33.22,40.12,41770,47730,57970,69100,83450,,
11,DC,District of Columbia,43-5071,"Shipping, Receiving, and Traffic Clerks",detailed,520,9.4,0.744,0.15,21.06,43800,5.9,11.46,14.64,21.96,26.28,29.07,23830,30450,45670,54660,60460,,
11,DC,District of Columbia,43-5081,Stock Clerks and Order Fillers,detailed,2740,10.7,3.896,0.27,15.21,31640,1.6,10.58,11.44,13.86,18.2,22.47,22010,23800,28840,37850,46740,,
11,DC,District of Columbia,43-6011,Executive Secretaries and Executive Administrative Assistants,detailed,6140,4.2,8.735,1.94,32.78,68180,1.2,20.15,25.79,31.77,38.45,47.13,41900,53640,66080,79980,98030,,
11,DC,District of Columbia,43-6012,Legal Secretaries,detailed,4290,5.9,6.103,4.48,39.22,81590,1.8,25.9,33.56,40.08,45.71,49.16,53870,69810,83360,95070,102250,,
11,DC,District of Columbia,43-6013,Medical Secretaries,detailed,1710,5.1,2.436,0.61,21.04,43750,4.9,14.01,16.2,19.15,23.45,29.89,29140,33690,39830,48780,62160,,
11,DC,District of Columbia,43-6014,"Secretaries and Administrative Assistants, Except Legal, Medical, and Executive",detailed,14720,3,20.961,1.28,23.01,47870,1.8,13.83,17.82,22.48,27.56,32.88,28760,37060,46760,57320,68390,,
11,DC,District of Columbia,43-9011,Computer Operators,detailed,130,14.2,0.179,0.54,26.6,55330,3.7,19.98,24.23,27.28,29.08,31.02,41550,50390,56740,60480,64510,,
11,DC,District of Columbia,43-9021,Data Entry Keyers,detailed,420,16.1,0.599,0.43,18.02,37490,3.8,12.81,14.82,17.31,19.71,24.49,26650,30830,36000,41010,50940,,
11,DC,District of Columbia,43-9022,Word Processors and Typists,detailed,290,9.5,0.413,0.86,23.54,48970,5.8,13.74,18.18,23.31,27.31,33.14,28580,37820,48480,56800,68930,,
11,DC,District of Columbia,43-9031,Desktop Publishers,detailed,70,40.4,0.105,1.13,30.87,64220,10.1,15.99,22.02,29.29,37.94,50.7,33250,45790,60930,78910,105450,,
11,DC,District of Columbia,43-9041,Insurance Claims and Policy Processing Clerks,detailed,370,18.8,0.533,0.27,24.39,50740,4.4,17.04,20.06,23.19,27.48,32.8,35440,41730,48240,57150,68220,,
11,DC,District of Columbia,43-9051,"Mail Clerks and Mail Machine Operators, Except Postal Service",detailed,1280,36.6,1.823,2.8,21,43680,2.2,13.98,17.86,21.47,24.16,27.79,29090,37140,44660,50250,57810,,
11,DC,District of Columbia,43-9061,"Office Clerks, General",detailed,10000,4.7,14.23,0.68,20.08,41770,1.2,11.59,15.05,18.58,23.59,29.44,24110,31300,38640,49080,61230,,
11,DC,District of Columbia,43-9071,"Office Machine Operators, Except Computer",detailed,710,27.1,1.01,2.44,19.04,39590,3.7,11.84,14.1,18.43,22.91,27.38,24620,29330,38330,47660,56960,,
11,DC,District of Columbia,43-9081,Proofreaders and Copy Markers,detailed,40,14.4,0.063,0.77,25.63,53310,3.3,18.41,21.12,24.55,29.25,34.76,38290,43920,51050,60850,72310,,
11,DC,District of Columbia,43-9111,Statistical Assistants,detailed,370,32.5,0.521,6.71,26.18,54450,3.1,19.92,21.94,25.31,29.53,34.41,41430,45640,52640,61430,71580,,
11,DC,District of Columbia,43-9199,"Office and Administrative Support Workers, All Other",detailed,2850,2.8,4.054,2.63,21.44,44600,2.4,12.37,15.15,18.21,24.88,34.47,25740,31520,37880,51750,71690,,
11,DC,District of Columbia,45-0000,"Farming, Fishing, and Forestry Occupations",major,360,49.4,0.514,0.16,20.11,41820,8.6,10.51,12.33,18.55,27.56,30.83,21860,25640,38590,57330,64130,,
11,DC,District of Columbia,45-4011,Forest and Conservation Workers,detailed,40,44.8,0.054,1.06,22.73,47280,23.3,10.5,10.51,19.84,34.79,39.29,21850,21850,41280,72370,81720,,
11,DC,District of Columbia,47-0000,Construction and Extraction Occupations,major,13690,6.4,19.494,0.49,26.38,54870,1.7,14.95,18.4,24.84,31.66,41.2,31100,38260,51670,65840,85700,,
11,DC,District of Columbia,47-1011,First-Line Supervisors of Construction Trades and Extraction Workers,detailed,1190,8.3,1.699,0.44,39.35,81850,1.9,26.2,31.17,37.51,46.33,57.35,54490,64840,78030,96360,119280,,
11,DC,District of Columbia,47-2021,Brickmasons and Blockmasons,detailed,180,48.4,0.256,0.56,30.58,63600,2.9,24.67,27.31,30.72,34.29,37.8,51310,56790,63900,71330,78630,,
11,DC,District of Columbia,47-2022,Stonemasons,detailed,60,42.3,0.083,0.88,22.94,47710,9.5,11.2,15.99,20.13,30.29,37.47,23300,33270,41880,63010,77940,,
11,DC,District of Columbia,47-2031,Carpenters,detailed,2190,13.6,3.121,0.65,24.43,50810,2,17.19,20.29,23.53,28.11,32.7,35760,42200,48940,58470,68020,,
11,DC,District of Columbia,47-2051,Cement Masons and Concrete Finishers,detailed,560,28.9,0.803,0.65,22.78,47390,2.7,18.07,20.42,22.46,24.59,29.04,37600,42480,46710,51150,60400,,
11,DC,District of Columbia,47-2061,Construction Laborers,detailed,3560,8.9,5.071,0.78,19.87,41330,2.6,11.98,15.4,17.99,24.1,29.37,24910,32040,37420,50130,61080,,
11,DC,District of Columbia,47-2071,"Paving, Surfacing, and Tamping Equipment Operators",detailed,210,34.3,0.303,0.82,27.07,56310,5.4,17.66,21.48,26.28,30.08,41.73,36730,44690,54650,62570,86810,,
11,DC,District of Columbia,47-2073,Operating Engineers and Other Construction Equipment Operators,detailed,570,19.2,0.81,0.32,29.43,61220,2.4,20.96,24.89,29.08,34.15,38.69,43600,51780,60490,71030,80480,,
11,DC,District of Columbia,47-2081,Drywall and Ceiling Tile Installers,detailed,**,**,**,**,25.29,52610,4.3,13.89,17.1,21.93,32.8,44.87,28880,35560,45610,68230,93330,,
11,DC,District of Columbia,47-2111,Electricians,detailed,1110,12.4,1.587,0.37,34.59,71960,2.4,24.63,28.1,32.98,41.43,47.38,51230,58440,68600,86180,98550,,
11,DC,District of Columbia,47-2121,Glaziers,detailed,290,32.4,0.408,1.21,26.83,55800,10.6,19.86,21.23,23.51,32.97,38.13,41300,44150,48910,68570,79320,,
11,DC,District of Columbia,47-2141,"Painters, Construction and Maintenance",detailed,470,17.7,0.667,0.43,24.07,50060,5.9,14.15,18.75,24.7,29.12,32.11,29440,39000,51370,60560,66790,,
11,DC,District of Columbia,47-2151,Pipelayers,detailed,**,**,**,**,25.31,52640,5.3,15.86,18.63,23.61,29.99,37.99,32980,38740,49100,62380,79010,,
11,DC,District of Columbia,47-2152,"Plumbers, Pipefitters, and Steamfitters",detailed,890,15.4,1.264,0.43,34.19,71120,2,23.28,27.44,32.69,41.23,48.24,48410,57080,67990,85750,100340,,
11,DC,District of Columbia,47-2161,Plasterers and Stucco Masons,detailed,70,30.8,0.102,0.63,25.48,52990,11.2,15.92,18.63,27.3,29.92,32.77,33110,38740,56780,62230,68170,,
11,DC,District of Columbia,47-2171,Reinforcing Iron and Rebar Workers,detailed,180,13.4,0.263,1.84,21.41,44540,3.9,13.82,16.87,20.77,24.38,31.47,28740,35090,43190,50710,65460,,
11,DC,District of Columbia,47-2181,Roofers,detailed,**,**,**,**,22.61,47020,18.8,11.57,13.34,16.65,26.76,41.35,24070,27740,34620,55650,86000,,
11,DC,District of Columbia,47-2211,Sheet Metal Workers,detailed,130,2.3,0.192,0.2,28.61,59500,5.6,25.27,26.46,28.33,30.32,33.74,52560,55040,58930,63070,70180,,
11,DC,District of Columbia,47-2221,Structural Iron and Steel Workers,detailed,240,14.9,0.342,0.69,27.76,57740,3.8,16.48,20.77,27.02,33.29,39.34,34280,43210,56210,69240,81830,,
11,DC,District of Columbia,47-3012,Helpers--Carpenters,detailed,150,23.9,0.215,0.84,17.83,37090,2.4,15.41,16.24,17.62,19,21.99,32050,33770,36640,39520,45740,,
11,DC,District of Columbia,47-3013,Helpers--Electricians,detailed,70,30.8,0.1,0.2,17.56,36530,7.9,10.83,13.24,17.33,21.49,24.02,22530,27540,36050,44690,49970,,
11,DC,District of Columbia,47-3015,"Helpers--Pipelayers, Plumbers, Pipefitters, and Steamfitters",detailed,490,31.4,0.697,1.81,18.72,38950,13,11.5,13.16,15.92,19.71,32.98,23920,27370,33120,40990,68590,,
11,DC,District of Columbia,47-4011,Construction and Building Inspectors,detailed,270,15.1,0.391,0.58,42.15,87670,3.2,30.2,34.84,41.13,48.74,55.33,62810,72470,85560,101370,115090,,
11,DC,District of Columbia,47-4041,Hazardous Materials Removal Workers,detailed,130,31.6,0.189,0.6,23.43,48720,6.7,14.32,19.42,24.63,28.42,30.53,29790,40400,51230,59110,63510,,
11,DC,District of Columbia,47-4099,"Construction and Related Workers, All Other",detailed,50,18.4,0.076,0.3,24.72,51410,6.8,14.51,18.79,23.89,29.55,36.49,30180,39080,49690,61460,75910,,
11,DC,District of Columbia,49-0000,"Installation, Maintenance, and Repair Occupations",major,9490,5,13.511,0.35,26.17,54440,2.1,13.75,19.05,25.62,32.34,38.36,28590,39630,53290,67270,79780,,
11,DC,District of Columbia,49-1011,"First-Line Supervisors of Mechanics, Installers, and Repairers",detailed,910,5.7,1.29,0.4,36.21,75320,1.9,25.89,30.9,35.53,40.27,47.09,53860,64270,73900,83760,97950,,
11,DC,District of Columbia,49-2011,"Computer, Automated Teller, and Office Machine Repairers",detailed,**,**,**,**,18.13,37710,10.2,12.13,13.46,15.82,21.82,28.77,25240,27990,32900,45390,59850,,
11,DC,District of Columbia,49-2022,"Telecommunications Equipment Installers and Repairers, Except Line Installers",detailed,160,26.5,0.234,0.14,29.47,61300,6.7,15.51,20.45,32.12,36.74,39.66,32260,42540,66800,76430,82490,,
11,DC,District of Columbia,49-2096,"Electronic Equipment Installers and Repairers, Motor Vehicles",detailed,**,**,**,**,20.68,43010,8.9,14.84,20.14,21.68,23.21,24.14,30870,41890,45090,48280,50200,,
11,DC,District of Columbia,49-3021,Automotive Body and Related Repairers,detailed,**,**,**,**,32.35,67290,3.6,22.92,29.48,34.05,37.29,39.24,47680,61320,70820,77570,81620,,
11,DC,District of Columbia,49-3023,Automotive Service Technicians and Mechanics,detailed,390,12.3,0.554,0.12,31.04,64560,11.5,17.99,22.52,28.48,32.72,59.49,37410,46840,59250,68060,123730,,
11,DC,District of Columbia,49-3031,Bus and Truck Mechanics and Diesel Engine Specialists,detailed,130,34,0.188,0.1,26.89,55930,8,16.59,20.68,27.15,33.67,37.39,34510,43010,56470,70040,77770,,
11,DC,District of Columbia,49-3042,"Mobile Heavy Equipment Mechanics, Except Engines",detailed,80,8.4,0.109,0.12,27.78,57780,3.7,20.71,24.19,27.09,29.8,37.58,43070,50320,56350,61980,78170,,
11,DC,District of Columbia,49-3091,Bicycle Repairers,detailed,170,39.6,0.249,2.78,14.86,30920,6,10.51,11.83,14.68,17.55,19.37,21860,24600,30530,36510,40290,,
11,DC,District of Columbia,49-9021,"Heating, Air Conditioning, and Refrigeration Mechanics and Installers",detailed,330,17.7,0.475,0.23,32.32,67230,1.9,26.18,28.83,32.33,36.24,38.9,54450,59960,67250,75380,80920,,
11,DC,District of Columbia,49-9041,Industrial Machinery Mechanics,detailed,80,28.2,0.11,0.05,31.37,65250,3.6,24.88,28.03,30.85,35.33,40.19,51750,58300,64180,73480,83590,,
11,DC,District of Columbia,49-9043,"Maintenance Workers, Machinery",detailed,160,3.2,0.234,0.37,27.2,56580,4.9,17.43,23.02,27.66,31.07,37.15,36250,47870,57530,64620,77270,,
11,DC,District of Columbia,49-9052,Telecommunications Line Installers and Repairers,detailed,230,18.6,0.331,0.46,22.21,46190,7.1,15.87,17.59,20.7,24.34,34.05,33020,36580,43060,50640,70820,,
11,DC,District of Columbia,49-9062,Medical Equipment Repairers,detailed,40,33.5,0.058,0.19,25.36,52750,2.6,19.12,21.3,24.11,28.69,36.34,39770,44290,50150,59680,75590,,
11,DC,District of Columbia,49-9071,"Maintenance and Repair Workers, General",detailed,4820,8.7,6.857,0.72,23.06,47960,3,12.7,16.63,22.51,28.58,34.34,26410,34580,46810,59440,71420,,
11,DC,District of Columbia,49-9094,Locksmiths and Safe Repairers,detailed,40,18.2,0.052,0.39,28.36,58980,2.1,20.92,25.44,29.12,31.13,35.27,43510,52910,60560,64740,73370,,
11,DC,District of Columbia,49-9096,Riggers,detailed,50,44.6,0.065,0.43,29.8,61970,4.3,25.53,27.44,30.03,34.05,37.46,53100,57070,62470,70830,77930,,
11,DC,District of Columbia,49-9098,"Helpers--Installation, Maintenance, and Repair Workers",detailed,310,7.2,0.439,0.52,19.61,40790,2.9,14.47,16.81,19.84,23.08,24.22,30090,34960,41260,48020,50370,,
11,DC,District of Columbia,49-9099,"Installation, Maintenance, and Repair Workers, All Other",detailed,220,40.2,0.316,0.3,21.52,44760,17.1,10.82,13.15,18.12,30.27,35.8,22510,27350,37690,62960,74470,,
11,DC,District of Columbia,51-0000,Production Occupations,major,4870,6.5,6.938,0.11,27.23,56640,6.5,11.66,17.04,25.5,36.79,43.96,24240,35440,53040,76520,91430,,
11,DC,District of Columbia,51-1011,First-Line Supervisors of Production and Operating Workers,detailed,260,24.7,0.367,0.08,33.75,70210,6.5,18.19,26.51,36.16,40.38,44.68,37830,55150,75220,83980,92920,,
11,DC,District of Columbia,51-2099,"Assemblers and Fabricators, All Other",detailed,50,40.5,0.067,0.04,12.49,25980,6.7,10.5,10.51,11.58,13.75,15.48,21850,21870,24080,28600,32190,,
11,DC,District of Columbia,51-3011,Bakers,detailed,290,15.4,0.416,0.32,15.62,32500,3.2,10.97,11.77,14.67,18.7,22.28,22820,24480,30520,38890,46350,,
11,DC,District of Columbia,51-3021,Butchers and Meat Cutters,detailed,290,39.3,0.414,0.43,21.61,44940,2.6,17.22,20.08,21.79,23.52,24.78,35820,41760,45320,48920,51550,,
11,DC,District of Columbia,51-3092,Food Batchmakers,detailed,**,**,**,**,14.48,30120,4.5,12.35,13.03,14.16,15.85,17.8,25690,27100,29460,32960,37020,,
11,DC,District of Columbia,51-4041,Machinists,detailed,140,0,0.202,0.07,30.78,64030,4.4,25.55,26.84,28.94,30.97,42,53140,55830,60190,64420,87370,,
11,DC,District of Columbia,51-4121,"Welders, Cutters, Solderers, and Brazers",detailed,50,15.3,0.067,0.02,28.63,59560,4.2,22.56,26.02,28.13,30.73,34.98,46930,54110,58500,63910,72760,,
11,DC,District of Columbia,51-5112,Printing Press Operators,detailed,550,15.6,0.778,0.64,39.71,82600,5.5,21.78,26.28,42.86,50.33,60.38,45300,54670,89140,104680,125590,,
11,DC,District of Columbia,51-5113,Print Binding and Finishing Workers,detailed,240,9.9,0.34,0.91,33.48,69640,4.7,23.68,23.69,36.74,39.73,42.31,49260,49270,76410,82640,88000,,
11,DC,District of Columbia,51-6011,Laundry and Dry-Cleaning Workers,detailed,400,18.9,0.563,0.38,16.3,33890,4.2,10.63,11.88,16.61,19.51,22.53,22120,24720,34550,40570,46860,,
11,DC,District of Columbia,51-6021,"Pressers, Textile, Garment, and Related Materials",detailed,110,41.1,0.16,0.5,12.01,24990,13.4,10.5,10.5,10.51,11.33,18.43,21840,21850,21860,23560,38340,,
11,DC,District of Columbia,51-6031,Sewing Machine Operators,detailed,40,49.3,0.05,0.05,15.32,31860,14.1,10.5,10.51,14.54,19.47,22.73,21850,21860,30240,40490,47270,,
11,DC,District of Columbia,51-6052,"Tailors, Dressmakers, and Custom Sewers",detailed,290,38,0.41,2.66,21.71,45150,8,11.94,16.24,21.78,26.63,30.72,24830,33780,45300,55390,63890,,
11,DC,District of Columbia,51-7011,Cabinetmakers and Bench Carpenters,detailed,80,38.6,0.107,0.15,25.3,52620,11.4,14.17,18.99,27.43,30.73,34.83,29480,39490,57060,63910,72440,,
11,DC,District of Columbia,51-8021,Stationary Engineers and Boiler Operators,detailed,750,6.2,1.073,4.47,35.06,72930,1.6,23.35,30.1,35.36,40.37,47.23,48560,62610,73540,83970,98230,,
11,DC,District of Columbia,51-8031,Water and Wastewater Treatment Plant and System Operators,detailed,**,**,**,**,25.82,53700,3.9,13.49,17.43,26.38,31.2,37.17,28060,36260,54880,64900,77310,,
11,DC,District of Columbia,51-9061,"Inspectors, Testers, Sorters, Samplers, and Weighers",detailed,70,18.5,0.104,0.03,25.38,52790,5.4,16.43,22.95,26.28,26.72,33.25,34180,47740,54670,55580,69170,,
11,DC,District of Columbia,51-9081,Dental Laboratory Technicians,detailed,50,17.5,0.076,0.29,37.7,78410,19.1,11.36,26.55,36.78,52.6,59.29,23630,55220,76500,109400,123320,,
11,DC,District of Columbia,51-9123,"Painting, Coating, and Decorating Workers",detailed,**,**,**,**,29.33,61000,4.2,26.07,27.34,29.12,30.87,33.61,54230,56870,60560,64220,69900,,
11,DC,District of Columbia,51-9151,Photographic Process Workers and Processing Machine Operators,detailed,70,39.5,0.097,0.52,13.96,29030,8.9,10.5,10.51,11.29,13.86,18.92,21850,21850,23490,28830,39360,,
11,DC,District of Columbia,51-9199,"Production Workers, All Other",detailed,**,**,**,**,22.14,46060,17.2,10.51,11.27,16.89,30.35,40.23,21860,23450,35140,63120,83680,,
11,DC,District of Columbia,53-0000,Transportation and Material Moving Occupations,major,14400,5.1,20.504,0.3,21.13,43950,5.8,10.79,11.69,17.85,25.55,35.35,22440,24310,37120,53150,73520,,
11,DC,District of Columbia,53-1021,"First-Line Supervisors of Helpers, Laborers, and Material Movers, Hand",detailed,80,20.2,0.113,0.09,27.05,56270,4.4,16.15,20.81,26.61,34.2,37.96,33600,43290,55350,71130,78960,,
11,DC,District of Columbia,53-1031,First-Line Supervisors of Transportation and Material-Moving Machine and Vehicle Operators,detailed,480,4.5,0.683,0.47,32.14,66860,7.2,13.38,21.48,30.42,37.56,55.46,27840,44680,63260,78130,115360,,
11,DC,District of Columbia,53-2021,Air Traffic Controllers,detailed,**,**,**,**,32.69,68000,3.8,11,11,11.01,65.45,84.18,22880,22890,22900,136130,175100,,
11,DC,District of Columbia,53-3021,"Bus Drivers, Transit and Intercity",detailed,260,38,0.364,0.3,17.16,35690,5.1,11.29,13.86,17,20.42,23.04,23480,28820,35350,42480,47930,,
11,DC,District of Columbia,53-3022,"Bus Drivers, School or Special Client",detailed,1230,22.2,1.753,0.48,19.05,39620,9.9,11.27,13.52,19.36,24.22,25.14,23430,28120,40270,50370,52290,,
11,DC,District of Columbia,53-3031,Driver/Sales Workers,detailed,450,19.8,0.643,0.21,15.01,31210,4.4,10.5,10.51,11.95,19.72,23.66,21850,21860,24850,41020,49210,,
11,DC,District of Columbia,53-3032,Heavy and Tractor-Trailer Truck Drivers,detailed,500,17.3,0.716,0.06,23.69,49280,2.9,19.23,20.82,23.37,27.71,29.62,40000,43300,48610,57640,61610,,
11,DC,District of Columbia,53-3033,Light Truck or Delivery Services Drivers,detailed,1690,20,2.403,0.39,14.82,30820,3,10.51,11.09,12.62,17.47,22.68,21860,23060,26250,36340,47180,,
11,DC,District of Columbia,53-3041,Taxi Drivers and Chauffeurs,detailed,420,12.4,0.601,0.45,16.24,33790,3.7,11.79,13.03,14.47,16.86,25.95,24530,27100,30110,35080,53970,,
11,DC,District of Columbia,53-3099,"Motor Vehicle Operators, All Other",detailed,550,0,0.788,2.06,24.94,51880,3,19.91,22.79,25.28,27.22,29.05,41410,47400,52580,56620,60430,,
11,DC,District of Columbia,53-5011,Sailors and Marine Oilers,detailed,30,18.6,0.047,0.2,13.22,27490,6.3,10.51,10.83,11.5,13.89,19.64,21860,22520,23920,28890,40840,,
11,DC,District of Columbia,53-6021,Parking Lot Attendants,detailed,2140,11.7,3.05,2.93,11.97,24890,1.9,10.51,10.8,11.37,11.95,14.38,21860,22470,23660,24860,29920,,
11,DC,District of Columbia,53-6031,Automotive and Watercraft Service Attendants,detailed,**,**,**,**,14.63,30420,6.7,10.71,11.27,12.81,17.4,22.46,22280,23440,26650,36200,46720,,
11,DC,District of Columbia,53-6051,Transportation Inspectors,detailed,240,1.1,0.343,1.75,48.73,101360,10,26.09,29.53,53.21,64.87,70.52,54270,61420,110680,134930,146690,,
11,DC,District of Columbia,53-6061,"Transportation Attendants, Except Flight Attendants",detailed,260,0.8,0.363,2.77,26.28,54660,4.1,20.55,23.24,26.44,29.04,30.59,42750,48340,55000,60400,63630,,
11,DC,District of Columbia,53-6099,"Transportation Workers, All Other",detailed,400,0.5,0.568,2.12,21.19,44080,4.4,15.74,17.01,18.94,23.36,29.06,32750,35380,39390,48580,60450,,
11,DC,District of Columbia,53-7021,Crane and Tower Operators,detailed,110,32.8,0.154,0.48,31.16,64810,4.8,17.71,27.49,33.07,36.73,39.34,36840,57170,68780,76390,81830,,
11,DC,District of Columbia,53-7032,Excavating and Loading Machine and Dragline Operators,detailed,90,28.6,0.132,0.38,24.9,51800,6.3,18.63,21.54,25.81,28.57,30.23,38760,44800,53680,59430,62880,,
11,DC,District of Columbia,53-7051,Industrial Truck and Tractor Operators,detailed,80,14.8,0.107,0.03,23.13,48110,5.6,14.75,20.03,25.19,26.4,29.54,30670,41660,52380,54920,61440,,
11,DC,District of Columbia,53-7061,Cleaners of Vehicles and Equipment,detailed,520,11.5,0.742,0.3,17.82,37070,9.4,10.51,11.63,19.99,22.38,23.82,21860,24190,41580,46550,49540,,
11,DC,District of Columbia,53-7062,"Laborers and Freight, Stock, and Material Movers, Hand",detailed,1990,14.7,2.836,0.15,22.17,46120,9.8,10.74,13.49,18.01,29.93,39.67,22340,28070,37470,62260,82520,,
11,DC,District of Columbia,53-7064,"Packers and Packagers, Hand",detailed,220,33.9,0.308,0.06,13.74,28590,5.6,10.51,10.98,11.91,15.01,21.26,21860,22830,24770,31210,44220,,
11,DC,District of Columbia,53-7081,Refuse and Recyclable Material Collectors,detailed,590,13.7,0.847,1.04,20.83,43330,4,13.66,16.51,20.96,23.88,28.84,28420,34330,43600,49670,59990,,
